wo_id,equipment_id,date,problem,root_cause,action_taken,technician,status
"WO-0001","MTR-CW-102","2024-01-01","Motor body temperature 110°C during run","Overheating due to single phasing","Replaced blown fuse; checked and tightened terminal connections","Murugan","Completed"
"WO-0002","HEX-PR-201","2024-01-05","Tube bundle leakage found during inspection","Erosion-corrosion at tube ends","Plugged leaking tubes; scheduled tube bundle replacement","Murugan","Closed"
"WO-0003","PMP-CW-102","2024-01-07","Flow rate drop with high power consumption","Cavitation from entrained air in suction line","Bled air from suction; repaired suction pipe joint","Rajan","Completed"
"WO-0004","VLV-CW-101","2024-01-09","Valve stuck in open position","Corrosion of stem and body seizing","Penetrating oil applied; stem polished; lubricated","Rajan","Completed"
"WO-0005","CMP-REF-301","2024-01-11","Compressor shutdown on high temp trip 200°C","Temperature alarm due to low oil level causing friction","Topped oil; replaced oil cooler; checked all temp sensors","Pradeep","Completed"
"WO-0006","HEX-SM-301","2024-01-14","Tube bundle leakage found during inspection","Erosion-corrosion at tube ends","Plugged leaking tubes; scheduled tube bundle replacement","Murugan","Completed"
"WO-0007","HEX-PR-201","2024-01-15","High differential pressure across heat exchanger","Tube-side fouling and partial blockage","High-pressure water jetting of tube bundle; eddy current test","Rajan","Completed"
"WO-0008","MTR-FW-201","2024-01-17","Thermal overload trip during peak load","Overheating from overloaded operating conditions","Reset overload relay; adjusted load; verified current settings","Rajan","Completed"
"WO-0009","HEX-CW-102","2024-01-19","Process outlet temperature 8°C above target","Fouling on shell side reducing heat transfer","Mechanical cleaning of shell side; replaced gaskets","Rajan","Completed"
"WO-0010","PMP-PR-301","2024-01-20","Mechanical seal leaking at gland area","Mechanical seal face wear and spring fatigue","Replaced mechanical seal cartridge; inspected shaft sleeve","Kavitha","Completed"
"WO-0011","MTR-PR-301","2024-01-21","Motor winding temperature above 85°C","Overheating due to blocked ventilation ducts","Cleaned cooling fins; replaced cooling fan; checked current draw","Anwar","Completed"
"WO-0012","MTR-PR-301","2024-01-22","Insulation resistance low - 0.3 MΩ measured","Insulation failure due to moisture ingress","Oven-dried windings; applied insulation varnish; megger tested","Kavitha","Completed"
"WO-0013","HEX-CW-102","2024-01-22","Process outlet temperature 8°C above target","Fouling on shell side reducing heat transfer; last PM inspection overdue by 29 days","Mechanical cleaning of shell side; replaced gaskets; PM schedule updated and overdue inspection completed","Rajan","Completed"
"WO-0014","MTR-CW-101","2024-01-23","Coupling bolts shearing frequently","Angular misalignment causing shock loads","Complete shaft alignment; replaced coupling; documented baseline","Suresh","Completed"
"WO-0015","VLV-CW-101","2024-01-26","Valve passing in closed position","Seat erosion from high velocity flow; last PM inspection overdue by 85 days","Lapped valve seat; replaced stem packing; PM schedule updated and overdue inspection completed","Kavitha","Completed"
"WO-0016","MTR-FW-201","2024-01-26","Excessive vibration at coupling end","Shaft misalignment with driven pump; last PM inspection overdue by 66 days","Laser alignment performed; alignment to within 0.05mm; PM schedule updated and overdue inspection completed","Kavitha","Completed"
"WO-0017","MTR-FW-201","2024-01-27","Insulation resistance low - 0.3 MΩ measured","Insulation failure due to moisture ingress; last PM inspection overdue by 50 days","Oven-dried windings; applied insulation varnish; megger tested; PM schedule updated and overdue inspection completed","Deepak","Completed"
"WO-0018","VLV-CW-101","2024-01-30","Valve stem packing leaking","Packing degradation from thermal cycling","Replaced PTFE packing; torqued gland follower","Suresh","Completed"
"WO-0019","HEX-CW-101","2024-02-01","Process outlet temperature 8°C above target","Fouling on shell side reducing heat transfer","Mechanical cleaning of shell side; replaced gaskets","Suresh","Completed"
"WO-0020","VLV-ST-301","2024-02-03","Valve passing in closed position","Seat erosion from high velocity flow","Lapped valve seat; replaced stem packing","Kavitha","Completed"
"WO-0021","MTR-CW-101","2024-02-08","IR value 0.8 MΩ, below 1 MΩ threshold","Insulation deterioration from thermal cycling; last PM inspection overdue by 71 days","Partial rewind; applied class H varnish; dried in oven 8 hours; PM schedule updated and overdue inspection completed","Kavitha","Completed"
"WO-0022","MTR-FW-201","2024-02-10","Motor winding temperature above 85°C","Overheating due to blocked ventilation ducts","Cleaned cooling fins; replaced cooling fan; checked current draw","Murugan","Completed"
"WO-0023","CMP-REF-301","2024-02-10","Oil carryover contaminating process air","Oil leakage from separator element failure","Replaced oil separator element; checked coalescing filter","Murugan","Closed"
"WO-0024","CMP-N2-201","2024-02-12","Compressor shutdown on high temp trip 200°C","Temperature alarm due to low oil level causing friction; last PM inspection overdue by 66 days","Topped oil; replaced oil cooler; checked all temp sensors; PM schedule updated and overdue inspection completed","Kavitha","Closed"
"WO-0025","CMP-AIR-101","2024-02-14","Compressor shutdown on high temp trip 200°C","Temperature alarm due to low oil level causing friction","Topped oil; replaced oil cooler; checked all temp sensors","Murugan","Completed"
"WO-0026","PMP-FW-202","2024-02-20","Abnormal noise during pump startup","Cavitation due to low suction pressure; last PM inspection overdue by 36 days","Adjusted suction valve opening; cleared strainer blockage; PM schedule updated and overdue inspection completed","Murugan","Completed"
"WO-0027","PMP-CW-101","2024-02-23","Pump vibration exceeds 7mm/s RMS","Bearing wear combined with rotor imbalance; last PM inspection overdue by 70 days","Bearings replaced; rotor balanced in-situ; PM schedule updated and overdue inspection completed","Rajan","Completed"
"WO-0028","HEX-CW-101","2024-02-26","Process outlet temperature 8°C above target","Fouling on shell side reducing heat transfer","Mechanical cleaning of shell side; replaced gaskets","Anwar","Completed"
"WO-0029","VLV-CW-102","2024-02-28","Valve stem packing leaking","Packing degradation from thermal cycling","Replaced PTFE packing; torqued gland follower","Murugan","Completed"
"WO-0030","VLV-CW-101","2024-02-29","Valve stuck in open position","Corrosion of stem and body seizing","Penetrating oil applied; stem polished; lubricated","Murugan","Completed"
"WO-0031","MTR-FW-202","2024-03-05","Thermal overload trip during peak load","Overheating from overloaded operating conditions","Reset overload relay; adjusted load; verified current settings","Anwar","Closed"
"WO-0032","CMP-AIR-102","2024-03-06","Intercooler outlet temperature elevated 20°C","Fouling and scale buildup in heat exchanger passages","Chemical descaling of cooler; backflushed cooling water circuit","Anwar","Completed"
"WO-0033","PMP-CW-102","2024-03-08","High bearing temperature alarm triggered","Advanced bearing wear, lubricant degradation","Emergency bearing replacement; installed temperature sensor","Rajan","Completed"
"WO-0034","MTR-PR-301","2024-03-09","Thermal overload trip during peak load","Overheating from overloaded operating conditions","Reset overload relay; adjusted load; verified current settings","Suresh","Completed"
"WO-0035","VLV-DR-501","2024-03-16","Valve stem packing leaking","Packing degradation from thermal cycling","Replaced PTFE packing; torqued gland follower","Suresh","Completed"
"WO-0036","VLV-PR-202","2024-03-19","Valve stuck in open position","Corrosion of stem and body seizing","Penetrating oil applied; stem polished; lubricated","Kavitha","Completed"
"WO-0037","CMP-AIR-101","2024-03-20","System pressure unstable, hunting observed","Pressure loss from leaking inlet valve","Replaced inlet valve assembly; reseated valve plate","Suresh","Completed"
"WO-0038","CMP-AIR-102","2024-03-24","Intercooler outlet temperature elevated 20°C","Fouling and scale buildup in heat exchanger passages; last PM inspection overdue by 51 days","Chemical descaling of cooler; backflushed cooling water circuit; PM schedule updated and overdue inspection completed","Suresh","Completed"
"WO-0039","HEX-CW-102","2024-03-25","Process outlet temperature 8°C above target","Fouling on shell side reducing heat transfer; last PM inspection overdue by 38 days","Mechanical cleaning of shell side; replaced gaskets; PM schedule updated and overdue inspection completed","Kavitha","Completed"
"WO-0040","MTR-FW-202","2024-03-25","Excessive vibration at coupling end","Shaft misalignment with driven pump; last PM inspection overdue by 47 days","Laser alignment performed; alignment to within 0.05mm; PM schedule updated and overdue inspection completed","Anwar","Completed"
"WO-0041","PMP-CW-101","2024-03-30","Routine inspection - minor bearing noise noted","Predictive inspection finding; bearing within limits but trending high","Documented observation; recommended follow-up in 2 weeks; lubricated bearings","Anwar","Closed"
"WO-0042","CMP-AIR-101","2024-04-02","High temperature alarm - stage 1 outlet 180°C","Temperature alarm from fouled inter-stage cooler; last PM inspection overdue by 89 days","Cleaned inter-cooler tubes; verified cooling water flow; PM schedule updated and overdue inspection completed","Kavitha","Completed"
"WO-0043","HEX-CW-101","2024-04-02","High differential pressure across heat exchanger","Tube-side fouling and partial blockage","High-pressure water jetting of tube bundle; eddy current test","Kavitha","Completed"
"WO-0044","MTR-PR-301","2024-04-03","IR value 0.8 MΩ, below 1 MΩ threshold","Insulation deterioration from thermal cycling","Partial rewind; applied class H varnish; dried in oven 8 hours","Murugan","Closed"
"WO-0045","MTR-CW-102","2024-04-04","Coupling bolts shearing frequently","Angular misalignment causing shock loads; last PM inspection overdue by 75 days","Complete shaft alignment; replaced coupling; documented baseline; PM schedule updated and overdue inspection completed","Anwar","Completed"
"WO-0046","VLV-PR-201","2024-04-05","Actuator not responding to control signal","Positioner failure and air supply issue","Replaced positioner; adjusted zero and span","Deepak","Completed"
"WO-0047","MTR-FW-202","2024-04-06","Thermal overload trip during peak load","Overheating from overloaded operating conditions; last PM inspection overdue by 49 days","Reset overload relay; adjusted load; verified current settings; PM schedule updated and overdue inspection completed","Kavitha","Completed"
"WO-0048","VLV-DR-501","2024-04-07","Actuator not responding to control signal","Positioner failure and air supply issue; last PM inspection overdue by 24 days","Replaced positioner; adjusted zero and span; PM schedule updated and overdue inspection completed","Kavitha","Completed"
"WO-0049","MTR-FW-201","2024-04-08","Excessive vibration at coupling end","Shaft misalignment with driven pump; last PM inspection overdue by 48 days","Laser alignment performed; alignment to within 0.05mm; PM schedule updated and overdue inspection completed","Deepak","Completed"
"WO-0050","VLV-CW-101","2024-04-08","Actuator not responding to control signal","Positioner failure and air supply issue","Replaced positioner; adjusted zero and span","Murugan","Completed"
"WO-0051","PMP-PR-301","2024-04-09","Mechanical seal leaking at gland area","Mechanical seal face wear and spring fatigue","Replaced mechanical seal cartridge; inspected shaft sleeve","Deepak","Completed"
"WO-0052","VLV-ST-301","2024-04-09","Valve stem packing leaking","Packing degradation from thermal cycling","Replaced PTFE packing; torqued gland follower","Deepak","Completed"
"WO-0053","PMP-CW-101","2024-04-09","High bearing temperature alarm triggered","Advanced bearing wear, lubricant degradation; prior inspection warning noted 13 days before failure","Emergency bearing replacement; installed temperature sensor","Deepak","Completed"
"WO-0054","VLV-GS-401","2024-04-11","Actuator not responding to control signal","Positioner failure and air supply issue; last PM inspection overdue by 20 days","Replaced positioner; adjusted zero and span; PM schedule updated and overdue inspection completed","Kavitha","Completed"
"WO-0055","PMP-CW-102","2024-04-17","High bearing temperature alarm triggered","Advanced bearing wear, lubricant degradation; last PM inspection overdue by 46 days","Emergency bearing replacement; installed temperature sensor; PM schedule updated and overdue inspection completed","Anwar","Completed"
"WO-0056","CMP-REF-301","2024-04-18","Oil found in discharge air line","Oil leakage past worn oil seals on crankshaft; last PM inspection overdue by 75 days","Replaced crankshaft oil seals; changed lubricating oil; PM schedule updated and overdue inspection completed","Suresh","Completed"
"WO-0057","PMP-FW-201","2024-04-20","Pump casing erosion observed","Prolonged cavitation causing pitting","Casing interior epoxy-coated; NPSH margins reviewed","Deepak","Completed"
"WO-0058","MTR-FW-201","2024-04-23","IR value 0.8 MΩ, below 1 MΩ threshold","Insulation deterioration from thermal cycling; last PM inspection overdue by 79 days","Partial rewind; applied class H varnish; dried in oven 8 hours; PM schedule updated and overdue inspection completed","Suresh","Completed"
"WO-0059","VLV-GS-401","2024-04-23","Valve stuck in open position","Corrosion of stem and body seizing","Penetrating oil applied; stem polished; lubricated","Deepak","Completed"
"WO-0060","MTR-PR-301","2024-04-24","Motor winding temperature above 85°C","Overheating due to blocked ventilation ducts","Cleaned cooling fins; replaced cooling fan; checked current draw","Deepak","Closed"
"WO-0061","PMP-FW-201","2024-04-26","Seal flush line blocked, seal overheating","Seal failure from loss of flush cooling","Replaced seal; flushed and cleared seal pot lines","Pradeep","Completed"
"WO-0062","MTR-CW-101","2024-04-26","Excessive vibration at coupling end","Shaft misalignment with driven pump; last PM inspection overdue by 16 days","Laser alignment performed; alignment to within 0.05mm; PM schedule updated and overdue inspection completed","Deepak","Completed"
"WO-0063","MTR-FW-201","2024-04-28","High vibration and noise at bearing housings","Misalignment and coupling wear","Replaced flexible coupling insert; realigned shafts","Pradeep","Completed"
"WO-0064","PMP-CW-101","2024-05-02","Routine inspection - minor bearing noise noted","Predictive inspection finding; bearing within limits but trending high","Documented observation; recommended follow-up in 2 weeks; lubricated bearings","Suresh","Closed"
"WO-0065","MTR-CW-102","2024-05-03","Thermal overload trip during peak load","Overheating from overloaded operating conditions; last PM inspection overdue by 66 days","Reset overload relay; adjusted load; verified current settings; PM schedule updated and overdue inspection completed","Murugan","Completed"
"WO-0066","CMP-AIR-101","2024-05-04","Oil found in discharge air line","Oil leakage past worn oil seals on crankshaft","Replaced crankshaft oil seals; changed lubricating oil","Rajan","Completed"
"WO-0067","PMP-CW-102","2024-05-05","High bearing temperature alarm triggered","Advanced bearing wear, lubricant degradation; last PM inspection overdue by 64 days","Emergency bearing replacement; installed temperature sensor; PM schedule updated and overdue inspection completed","Deepak","Completed"
"WO-0068","HEX-SM-301","2024-05-05","Process outlet temperature 8°C above target","Fouling on shell side reducing heat transfer","Mechanical cleaning of shell side; replaced gaskets","Kavitha","Completed"
"WO-0069","CMP-AIR-102","2024-05-07","Discharge pressure dropping below setpoint","Pressure loss due to worn piston rings","Replaced piston rings and cylinder liners; pressure tested","Murugan","Completed"
"WO-0070","PMP-CW-101","2024-05-07","Mechanical seal leaking at gland area","Mechanical seal face wear and spring fatigue; prior inspection warning noted 21 days before failure","Replaced mechanical seal cartridge; inspected shaft sleeve","Rajan","Completed"
"WO-0071","PMP-FW-201","2024-05-07","Mechanical seal leaking at gland area","Mechanical seal face wear and spring fatigue; last PM inspection overdue by 52 days","Replaced mechanical seal cartridge; inspected shaft sleeve; PM schedule updated and overdue inspection completed","Kavitha","Completed"
"WO-0072","PMP-FW-201","2024-05-08","Excessive bearing noise and vibration","Bearing wear due to inadequate lubrication","Replaced drive-end and non-drive-end bearings; repacked with lithium grease","Suresh","Completed"
"WO-0073","MTR-CW-102","2024-05-09","IR value 0.8 MΩ, below 1 MΩ threshold","Insulation deterioration from thermal cycling","Partial rewind; applied class H varnish; dried in oven 8 hours","Deepak","Completed"
"WO-0074","PMP-FW-201","2024-05-15","Abnormal noise during pump startup","Cavitation due to low suction pressure","Adjusted suction valve opening; cleared strainer blockage","Anwar","Completed"
"WO-0075","MTR-PR-301","2024-05-15","Motor body temperature 110°C during run","Overheating due to single phasing","Replaced blown fuse; checked and tightened terminal connections","Anwar","Closed"
"WO-0076","PMP-CW-101","2024-05-18","High bearing temperature alarm triggered","Advanced bearing wear, lubricant degradation; last PM inspection overdue by 18 days","Emergency bearing replacement; installed temperature sensor; PM schedule updated and overdue inspection completed","Kavitha","Completed"
"WO-0077","MTR-CW-101","2024-05-20","IR value 0.8 MΩ, below 1 MΩ threshold","Insulation deterioration from thermal cycling; last PM inspection overdue by 71 days","Partial rewind; applied class H varnish; dried in oven 8 hours; PM schedule updated and overdue inspection completed","Suresh","Completed"
"WO-0078","HEX-CW-102","2024-05-21","High differential pressure across heat exchanger","Tube-side fouling and partial blockage; last PM inspection overdue by 56 days","High-pressure water jetting of tube bundle; eddy current test; PM schedule updated and overdue inspection completed","Pradeep","Completed"
"WO-0079","MTR-CW-102","2024-05-26","Motor tripping on earth fault relay","Winding insulation breakdown at phase-to-earth; last PM inspection overdue by 42 days","Rewound stator; upgraded insulation class to F; PM schedule updated and overdue inspection completed","Pradeep","Completed"
"WO-0080","VLV-CW-101","2024-05-26","Valve stem packing leaking","Packing degradation from thermal cycling; last PM inspection overdue by 35 days","Replaced PTFE packing; torqued gland follower; PM schedule updated and overdue inspection completed","Deepak","Completed"
"WO-0081","CMP-AIR-102","2024-05-29","Oil level dropping rapidly, no external leak","Internal oil leakage past cylinder rings","Replaced ring set; inspected cylinder walls for scoring","Deepak","Completed"
"WO-0082","CMP-N2-201","2024-05-31","Intercooler outlet temperature elevated 20°C","Fouling and scale buildup in heat exchanger passages","Chemical descaling of cooler; backflushed cooling water circuit","Deepak","Completed"
"WO-0083","PMP-PR-301","2024-05-31","Flow rate drop with high power consumption","Cavitation from entrained air in suction line; last PM inspection overdue by 80 days","Bled air from suction; repaired suction pipe joint; PM schedule updated and overdue inspection completed","Murugan","Completed"
"WO-0084","HEX-PR-201","2024-05-31","Tube bundle leakage found during inspection","Erosion-corrosion at tube ends","Plugged leaking tubes; scheduled tube bundle replacement","Kavitha","Completed"
"WO-0085","CMP-AIR-101","2024-06-04","Discharge pressure dropping below setpoint","Pressure loss due to worn piston rings; last PM inspection overdue by 29 days","Replaced piston rings and cylinder liners; pressure tested; PM schedule updated and overdue inspection completed","Suresh","Closed"
"WO-0086","CMP-AIR-101","2024-06-05","Compressor shutdown on high temp trip 200°C","Temperature alarm due to low oil level causing friction","Topped oil; replaced oil cooler; checked all temp sensors","Rajan","Completed"
"WO-0087","MTR-FW-201","2024-06-07","Insulation resistance low - 0.3 MΩ measured","Insulation failure due to moisture ingress","Oven-dried windings; applied insulation varnish; megger tested","Suresh","Closed"
"WO-0088","CMP-AIR-102","2024-06-10","Oil level dropping rapidly, no external leak","Internal oil leakage past cylinder rings","Replaced ring set; inspected cylinder walls for scoring","Deepak","Completed"
"WO-0089","HEX-CW-101","2024-06-12","Tube bundle leakage found during inspection","Erosion-corrosion at tube ends","Plugged leaking tubes; scheduled tube bundle replacement","Pradeep","Completed"
"WO-0090","HEX-CW-102","2024-06-16","Process outlet temperature 8°C above target","Fouling on shell side reducing heat transfer; last PM inspection overdue by 80 days","Mechanical cleaning of shell side; replaced gaskets; PM schedule updated and overdue inspection completed","Anwar","Completed"
"WO-0091","VLV-DR-501","2024-06-17","Valve stem packing leaking","Packing degradation from thermal cycling","Replaced PTFE packing; torqued gland follower","Rajan","Completed"
"WO-0092","PMP-CW-102","2024-06-19","Pump vibration exceeds 7mm/s RMS","Bearing wear combined with rotor imbalance","Bearings replaced; rotor balanced in-situ","Kavitha","Closed"
"WO-0093","MTR-FW-201","2024-06-21","Motor body temperature 110°C during run","Overheating due to single phasing","Replaced blown fuse; checked and tightened terminal connections","Murugan","Completed"
"WO-0094","MTR-FW-201","2024-06-22","Excessive vibration at coupling end","Shaft misalignment with driven pump; last PM inspection overdue by 50 days","Laser alignment performed; alignment to within 0.05mm; PM schedule updated and overdue inspection completed","Kavitha","Completed"
"WO-0095","PMP-CW-102","2024-06-24","Pump casing erosion observed","Prolonged cavitation causing pitting","Casing interior epoxy-coated; NPSH margins reviewed","Suresh","Completed"
"WO-0096","VLV-CW-101","2024-06-29","Valve stuck in open position","Corrosion of stem and body seizing","Penetrating oil applied; stem polished; lubricated","Pradeep","Completed"
"WO-0097","PMP-CW-101","2024-06-29","Pump casing erosion observed","Prolonged cavitation causing pitting","Casing interior epoxy-coated; NPSH margins reviewed","Rajan","Completed"
"WO-0098","CMP-REF-301","2024-07-02","High temperature alarm - stage 1 outlet 180°C","Temperature alarm from fouled inter-stage cooler","Cleaned inter-cooler tubes; verified cooling water flow","Murugan","Completed"
"WO-0099","MTR-PR-301","2024-07-04","Insulation resistance low - 0.3 MΩ measured","Insulation failure due to moisture ingress","Oven-dried windings; applied insulation varnish; megger tested","Rajan","Completed"
"WO-0100","PMP-CW-101","2024-07-05","Routine inspection - minor bearing noise noted","Predictive inspection finding; bearing within limits but trending high","Documented observation; recommended follow-up in 2 weeks; lubricated bearings","Deepak","Closed"
"WO-0101","VLV-ST-301","2024-07-09","Actuator not responding to control signal","Positioner failure and air supply issue","Replaced positioner; adjusted zero and span","Deepak","Completed"
"WO-0102","CMP-N2-201","2024-07-10","Discharge pressure dropping below setpoint","Pressure loss due to worn piston rings","Replaced piston rings and cylinder liners; pressure tested","Rajan","Completed"
"WO-0103","HEX-PR-201","2024-07-13","High differential pressure across heat exchanger","Tube-side fouling and partial blockage","High-pressure water jetting of tube bundle; eddy current test","Anwar","Completed"
"WO-0104","VLV-GS-401","2024-07-14","Actuator not responding to control signal","Positioner failure and air supply issue; last PM inspection overdue by 70 days","Replaced positioner; adjusted zero and span; PM schedule updated and overdue inspection completed","Murugan","Completed"
"WO-0105","VLV-ST-301","2024-07-15","Valve passing in closed position","Seat erosion from high velocity flow","Lapped valve seat; replaced stem packing","Deepak","Completed"
"WO-0106","CMP-AIR-101","2024-07-16","Outlet pressure 3 bar below rated value","Pressure loss from scored cylinder bore","Cylinder rebored and honed; new oversize piston fitted","Anwar","Completed"
"WO-0107","VLV-PR-202","2024-07-16","Valve stuck in open position","Corrosion of stem and body seizing","Penetrating oil applied; stem polished; lubricated","Anwar","Completed"
"WO-0108","CMP-REF-301","2024-07-17","System pressure unstable, hunting observed","Pressure loss from leaking inlet valve; last PM inspection overdue by 90 days","Replaced inlet valve assembly; reseated valve plate; PM schedule updated and overdue inspection completed","Deepak","Completed"
"WO-0109","PMP-FW-201","2024-07-21","High bearing temperature alarm triggered","Advanced bearing wear, lubricant degradation","Emergency bearing replacement; installed temperature sensor","Murugan","Completed"
"WO-0110","PMP-FW-202","2024-07-23","Abnormal noise during pump startup","Cavitation due to low suction pressure","Adjusted suction valve opening; cleared strainer blockage","Pradeep","Completed"
"WO-0111","HEX-CW-101","2024-07-23","Tube bundle leakage found during inspection","Erosion-corrosion at tube ends","Plugged leaking tubes; scheduled tube bundle replacement","Pradeep","Completed"
"WO-0112","CMP-AIR-101","2024-07-25","Oil level dropping rapidly, no external leak","Internal oil leakage past cylinder rings","Replaced ring set; inspected cylinder walls for scoring","Kavitha","Completed"
"WO-0113","PMP-CW-101","2024-07-26","Water leakage from pump casing joint","Gland packing failure and shaft wear; prior inspection warning noted 14 days before failure","Repacked gland; shimmed shaft alignment","Rajan","Completed"
"WO-0114","PMP-CW-101","2024-07-28","Routine inspection - minor bearing noise noted","Predictive inspection finding; bearing within limits but trending high","Documented observation; recommended follow-up in 2 weeks; lubricated bearings","Deepak","Closed"
"WO-0115","CMP-REF-301","2024-07-29","Outlet pressure 3 bar below rated value","Pressure loss from scored cylinder bore","Cylinder rebored and honed; new oversize piston fitted","Rajan","Completed"
"WO-0116","HEX-CW-102","2024-07-29","Tube bundle leakage found during inspection","Erosion-corrosion at tube ends","Plugged leaking tubes; scheduled tube bundle replacement","Suresh","Completed"
"WO-0117","MTR-PR-301","2024-07-29","High vibration and noise at bearing housings","Misalignment and coupling wear; last PM inspection overdue by 17 days","Replaced flexible coupling insert; realigned shafts; PM schedule updated and overdue inspection completed","Kavitha","Completed"
"WO-0118","HEX-CW-101","2024-07-30","Process outlet temperature 8°C above target","Fouling on shell side reducing heat transfer","Mechanical cleaning of shell side; replaced gaskets","Murugan","Completed"
"WO-0119","VLV-PR-201","2024-08-01","Valve passing in closed position","Seat erosion from high velocity flow","Lapped valve seat; replaced stem packing","Kavitha","Completed"
"WO-0120","MTR-CW-101","2024-08-01","Motor winding temperature above 85°C","Overheating due to blocked ventilation ducts","Cleaned cooling fins; replaced cooling fan; checked current draw","Suresh","Completed"
"WO-0121","PMP-CW-101","2024-08-03","High bearing temperature alarm triggered","Advanced bearing wear, lubricant degradation; prior inspection warning noted 10 days before failure; last PM inspection overdue by 24 days","Emergency bearing replacement; installed temperature sensor; PM schedule updated and overdue inspection completed","Rajan","Completed"
"WO-0122","CMP-AIR-101","2024-08-07","Oil carryover contaminating process air","Oil leakage from separator element failure","Replaced oil separator element; checked coalescing filter","Rajan","Completed"
"WO-0123","CMP-AIR-101","2024-08-10","System pressure unstable, hunting observed","Pressure loss from leaking inlet valve","Replaced inlet valve assembly; reseated valve plate","Deepak","Completed"
"WO-0124","MTR-PR-301","2024-08-17","Thermal overload trip during peak load","Overheating from overloaded operating conditions; last PM inspection overdue by 45 days","Reset overload relay; adjusted load; verified current settings; PM schedule updated and overdue inspection completed","Kavitha","Completed"
"WO-0125","VLV-GS-401","2024-08-17","Actuator not responding to control signal","Positioner failure and air supply issue","Replaced positioner; adjusted zero and span","Kavitha","Completed"
"WO-0126","HEX-CW-102","2024-08-18","High differential pressure across heat exchanger","Tube-side fouling and partial blockage","High-pressure water jetting of tube bundle; eddy current test","Suresh","Completed"
"WO-0127","PMP-FW-201","2024-08-21","Abnormal noise during pump startup","Cavitation due to low suction pressure","Adjusted suction valve opening; cleared strainer blockage","Pradeep","Completed"
"WO-0128","PMP-FW-202","2024-08-22","High bearing temperature alarm triggered","Advanced bearing wear, lubricant degradation; last PM inspection overdue by 67 days","Emergency bearing replacement; installed temperature sensor; PM schedule updated and overdue inspection completed","Kavitha","Closed"
"WO-0129","HEX-PR-201","2024-08-23","Tube bundle leakage found during inspection","Erosion-corrosion at tube ends","Plugged leaking tubes; scheduled tube bundle replacement","Suresh","Completed"
"WO-0130","PMP-FW-201","2024-08-24","Flow rate drop with high power consumption","Cavitation from entrained air in suction line","Bled air from suction; repaired suction pipe joint","Murugan","Completed"
"WO-0131","VLV-PR-202","2024-08-24","Valve stuck in open position","Corrosion of stem and body seizing; last PM inspection overdue by 80 days","Penetrating oil applied; stem polished; lubricated; PM schedule updated and overdue inspection completed","Deepak","Completed"
"WO-0132","PMP-FW-201","2024-08-26","Water leakage from pump casing joint","Gland packing failure and shaft wear; last PM inspection overdue by 24 days","Repacked gland; shimmed shaft alignment; PM schedule updated and overdue inspection completed","Rajan","Completed"
"WO-0133","VLV-DR-501","2024-08-29","Valve passing in closed position","Seat erosion from high velocity flow","Lapped valve seat; replaced stem packing","Deepak","Completed"
"WO-0134","MTR-FW-201","2024-08-29","IR value 0.8 MΩ, below 1 MΩ threshold","Insulation deterioration from thermal cycling","Partial rewind; applied class H varnish; dried in oven 8 hours","Suresh","Completed"
"WO-0135","MTR-CW-102","2024-08-31","IR value 0.8 MΩ, below 1 MΩ threshold","Insulation deterioration from thermal cycling","Partial rewind; applied class H varnish; dried in oven 8 hours","Pradeep","Completed"
"WO-0136","HEX-PR-201","2024-09-01","Tube bundle leakage found during inspection","Erosion-corrosion at tube ends","Plugged leaking tubes; scheduled tube bundle replacement","Suresh","Completed"
"WO-0137","MTR-FW-201","2024-09-05","Thermal overload trip during peak load","Overheating from overloaded operating conditions; last PM inspection overdue by 40 days","Reset overload relay; adjusted load; verified current settings; PM schedule updated and overdue inspection completed","Rajan","Completed"
"WO-0138","PMP-FW-201","2024-09-05","Abnormal noise during pump startup","Cavitation due to low suction pressure","Adjusted suction valve opening; cleared strainer blockage","Anwar","Completed"
"WO-0139","VLV-GS-401","2024-09-13","Valve stem packing leaking","Packing degradation from thermal cycling; last PM inspection overdue by 37 days","Replaced PTFE packing; torqued gland follower; PM schedule updated and overdue inspection completed","Anwar","Completed"
"WO-0140","MTR-FW-201","2024-09-13","IR value 0.8 MΩ, below 1 MΩ threshold","Insulation deterioration from thermal cycling","Partial rewind; applied class H varnish; dried in oven 8 hours","Deepak","Completed"
"WO-0141","MTR-CW-101","2024-09-18","Motor body temperature 110°C during run","Overheating due to single phasing","Replaced blown fuse; checked and tightened terminal connections","Murugan","Completed"
"WO-0142","CMP-AIR-101","2024-09-18","Compressor shutdown on high temp trip 200°C","Temperature alarm due to low oil level causing friction; last PM inspection overdue by 70 days","Topped oil; replaced oil cooler; checked all temp sensors; PM schedule updated and overdue inspection completed","Rajan","Completed"
"WO-0143","CMP-AIR-101","2024-09-19","Intercooler outlet temperature elevated 20°C","Fouling and scale buildup in heat exchanger passages; last PM inspection overdue by 60 days","Chemical descaling of cooler; backflushed cooling water circuit; PM schedule updated and overdue inspection completed","Kavitha","Completed"
"WO-0144","CMP-AIR-101","2024-09-24","System pressure unstable, hunting observed","Pressure loss from leaking inlet valve; last PM inspection overdue by 86 days","Replaced inlet valve assembly; reseated valve plate; PM schedule updated and overdue inspection completed","Rajan","Completed"
"WO-0145","MTR-PR-301","2024-09-24","Thermal overload trip during peak load","Overheating from overloaded operating conditions","Reset overload relay; adjusted load; verified current settings","Suresh","Completed"
"WO-0146","PMP-CW-101","2024-09-25","Routine inspection - minor bearing noise noted","Predictive inspection finding; bearing within limits but trending high","Documented observation; recommended follow-up in 2 weeks; lubricated bearings","Anwar","Closed"
"WO-0147","CMP-AIR-101","2024-09-26","Oil level dropping rapidly, no external leak","Internal oil leakage past cylinder rings; last PM inspection overdue by 60 days","Replaced ring set; inspected cylinder walls for scoring; PM schedule updated and overdue inspection completed","Rajan","Completed"
"WO-0148","PMP-CW-101","2024-09-28","Water leakage from pump casing joint","Gland packing failure and shaft wear","Repacked gland; shimmed shaft alignment","Rajan","Completed"
"WO-0149","CMP-N2-201","2024-10-05","Outlet pressure 3 bar below rated value","Pressure loss from scored cylinder bore","Cylinder rebored and honed; new oversize piston fitted","Kavitha","Completed"
"WO-0150","CMP-AIR-101","2024-10-06","Oil found in discharge air line","Oil leakage past worn oil seals on crankshaft","Replaced crankshaft oil seals; changed lubricating oil","Rajan","Completed"
"WO-0151","HEX-CW-101","2024-10-06","Tube bundle leakage found during inspection","Erosion-corrosion at tube ends; last PM inspection overdue by 66 days","Plugged leaking tubes; scheduled tube bundle replacement; PM schedule updated and overdue inspection completed","Rajan","Completed"
"WO-0152","MTR-CW-101","2024-10-07","Excessive vibration at coupling end","Shaft misalignment with driven pump","Laser alignment performed; alignment to within 0.05mm","Deepak","Completed"
"WO-0153","MTR-CW-101","2024-10-13","Excessive vibration at coupling end","Shaft misalignment with driven pump","Laser alignment performed; alignment to within 0.05mm","Murugan","Completed"
"WO-0154","PMP-CW-102","2024-10-13","Water leakage from pump casing joint","Gland packing failure and shaft wear","Repacked gland; shimmed shaft alignment","Suresh","Completed"
"WO-0155","PMP-CW-101","2024-10-15","Mechanical seal leaking at gland area","Mechanical seal face wear and spring fatigue; prior inspection warning noted 12 days before failure","Replaced mechanical seal cartridge; inspected shaft sleeve","Rajan","Completed"
"WO-0156","PMP-CW-101","2024-10-18","Water leakage from pump casing joint","Gland packing failure and shaft wear","Repacked gland; shimmed shaft alignment","Rajan","Completed"
"WO-0157","VLV-PR-201","2024-10-21","Valve passing in closed position","Seat erosion from high velocity flow","Lapped valve seat; replaced stem packing","Murugan","Completed"
"WO-0158","CMP-N2-201","2024-10-25","Oil carryover contaminating process air","Oil leakage from separator element failure","Replaced oil separator element; checked coalescing filter","Suresh","Completed"
"WO-0159","PMP-FW-201","2024-10-26","Pump vibration exceeds 7mm/s RMS","Bearing wear combined with rotor imbalance","Bearings replaced; rotor balanced in-situ","Murugan","Closed"
"WO-0160","MTR-FW-202","2024-10-30","Motor tripping on earth fault relay","Winding insulation breakdown at phase-to-earth; last PM inspection overdue by 59 days","Rewound stator; upgraded insulation class to F; PM schedule updated and overdue inspection completed","Anwar","Completed"
"WO-0161","PMP-FW-201","2024-10-30","Seal flush line blocked, seal overheating","Seal failure from loss of flush cooling","Replaced seal; flushed and cleared seal pot lines","Kavitha","Completed"
"WO-0162","HEX-CW-101","2024-10-31","High differential pressure across heat exchanger","Tube-side fouling and partial blockage; last PM inspection overdue by 45 days","High-pressure water jetting of tube bundle; eddy current test; PM schedule updated and overdue inspection completed","Anwar","Closed"
"WO-0163","MTR-FW-202","2024-10-31","Insulation resistance low - 0.3 MΩ measured","Insulation failure due to moisture ingress; last PM inspection overdue by 71 days","Oven-dried windings; applied insulation varnish; megger tested; PM schedule updated and overdue inspection completed","Rajan","Completed"
"WO-0164","VLV-PR-201","2024-10-31","Valve passing in closed position","Seat erosion from high velocity flow; last PM inspection overdue by 86 days","Lapped valve seat; replaced stem packing; PM schedule updated and overdue inspection completed","Suresh","Closed"
"WO-0165","CMP-AIR-101","2024-11-01","Discharge pressure dropping below setpoint","Pressure loss due to worn piston rings","Replaced piston rings and cylinder liners; pressure tested","Anwar","Completed"
"WO-0166","CMP-N2-201","2024-11-02","Oil carryover contaminating process air","Oil leakage from separator element failure","Replaced oil separator element; checked coalescing filter","Kavitha","Completed"
"WO-0167","MTR-CW-101","2024-11-04","Coupling bolts shearing frequently","Angular misalignment causing shock loads; last PM inspection overdue by 19 days","Complete shaft alignment; replaced coupling; documented baseline; PM schedule updated and overdue inspection completed","Deepak","Completed"
"WO-0168","PMP-CW-101","2024-11-04","Routine inspection - minor bearing noise noted","Predictive inspection finding; bearing within limits but trending high","Documented observation; recommended follow-up in 2 weeks; lubricated bearings","Pradeep","Closed"
"WO-0169","CMP-REF-301","2024-11-05","Discharge pressure dropping below setpoint","Pressure loss due to worn piston rings","Replaced piston rings and cylinder liners; pressure tested","Anwar","Closed"
"WO-0170","PMP-CW-102","2024-11-07","Seal flush line blocked, seal overheating","Seal failure from loss of flush cooling","Replaced seal; flushed and cleared seal pot lines","Deepak","Completed"
"WO-0171","CMP-N2-201","2024-11-11","Intercooler outlet temperature elevated 20°C","Fouling and scale buildup in heat exchanger passages","Chemical descaling of cooler; backflushed cooling water circuit","Suresh","Closed"
"WO-0172","HEX-CW-102","2024-11-11","High differential pressure across heat exchanger","Tube-side fouling and partial blockage","High-pressure water jetting of tube bundle; eddy current test","Pradeep","Closed"
"WO-0173","VLV-CW-101","2024-11-16","Valve stem packing leaking","Packing degradation from thermal cycling","Replaced PTFE packing; torqued gland follower","Anwar","Completed"
"WO-0174","CMP-AIR-101","2024-11-19","Oil found in discharge air line","Oil leakage past worn oil seals on crankshaft","Replaced crankshaft oil seals; changed lubricating oil","Deepak","Completed"
"WO-0175","PMP-CW-101","2024-11-20","Abnormal noise during pump startup","Cavitation due to low suction pressure; prior inspection warning noted 8 days before failure","Adjusted suction valve opening; cleared strainer blockage","Deepak","Completed"
"WO-0176","PMP-CW-101","2024-11-23","Routine inspection - minor bearing noise noted","Predictive inspection finding; bearing within limits but trending high","Documented observation; recommended follow-up in 2 weeks; lubricated bearings","Deepak","Closed"
"WO-0177","CMP-REF-301","2024-11-25","Oil carryover contaminating process air","Oil leakage from separator element failure; last PM inspection overdue by 84 days","Replaced oil separator element; checked coalescing filter; PM schedule updated and overdue inspection completed","Deepak","Completed"
"WO-0178","VLV-PR-202","2024-11-28","Valve stem packing leaking","Packing degradation from thermal cycling","Replaced PTFE packing; torqued gland follower","Pradeep","Completed"
"WO-0179","PMP-CW-101","2024-11-30","Pump casing erosion observed","Prolonged cavitation causing pitting; prior inspection warning noted 16 days before failure; last PM inspection overdue by 43 days","Casing interior epoxy-coated; NPSH margins reviewed; PM schedule updated and overdue inspection completed","Deepak","Completed"
"WO-0180","PMP-FW-201","2024-12-09","High bearing temperature alarm triggered","Advanced bearing wear, lubricant degradation; last PM inspection overdue by 31 days","Emergency bearing replacement; installed temperature sensor; PM schedule updated and overdue inspection completed","Anwar","Closed"
"WO-0181","MTR-CW-102","2024-12-18","Excessive vibration at coupling end","Shaft misalignment with driven pump","Laser alignment performed; alignment to within 0.05mm","Kavitha","Completed"
"WO-0182","HEX-CW-102","2024-12-20","Process outlet temperature 8°C above target","Fouling on shell side reducing heat transfer","Mechanical cleaning of shell side; replaced gaskets","Murugan","Completed"
"WO-0183","CMP-N2-201","2024-12-20","Oil found in discharge air line","Oil leakage past worn oil seals on crankshaft","Replaced crankshaft oil seals; changed lubricating oil","Kavitha","Completed"
"WO-0184","PMP-PR-301","2024-12-28","High bearing temperature alarm triggered","Advanced bearing wear, lubricant degradation","Emergency bearing replacement; installed temperature sensor","Suresh","Completed"
"WO-0185","PMP-FW-202","2024-12-28","Mechanical seal leaking at gland area","Mechanical seal face wear and spring fatigue; last PM inspection overdue by 74 days","Replaced mechanical seal cartridge; inspected shaft sleeve; PM schedule updated and overdue inspection completed","Pradeep","Completed"
"WO-0186","VLV-ST-301","2024-12-29","Valve stuck in open position","Corrosion of stem and body seizing","Penetrating oil applied; stem polished; lubricated","Kavitha","Completed"
"WO-0187","VLV-DR-501","2024-12-29","Valve passing in closed position","Seat erosion from high velocity flow","Lapped valve seat; replaced stem packing","Anwar","Completed"
"WO-0188","CMP-AIR-101","2024-12-30","Oil found in discharge air line","Oil leakage past worn oil seals on crankshaft","Replaced crankshaft oil seals; changed lubricating oil","Rajan","Completed"
"WO-0189","HEX-CW-101","2024-12-31","High differential pressure across heat exchanger","Tube-side fouling and partial blockage; last PM inspection overdue by 70 days","High-pressure water jetting of tube bundle; eddy current test; PM schedule updated and overdue inspection completed","Deepak","Completed"
"WO-0190","PMP-FW-201","2025-01-01","Water leakage from pump casing joint","Gland packing failure and shaft wear","Repacked gland; shimmed shaft alignment","Pradeep","Completed"
"WO-0191","MTR-FW-201","2025-01-03","Motor body temperature 110°C during run","Overheating due to single phasing","Replaced blown fuse; checked and tightened terminal connections","Deepak","Completed"
"WO-0192","PMP-FW-201","2025-01-03","Mechanical seal leaking at gland area","Mechanical seal face wear and spring fatigue","Replaced mechanical seal cartridge; inspected shaft sleeve","Kavitha","Completed"
"WO-0193","MTR-CW-101","2025-01-05","Insulation resistance low - 0.3 MΩ measured","Insulation failure due to moisture ingress","Oven-dried windings; applied insulation varnish; megger tested","Deepak","Completed"
"WO-0194","PMP-CW-101","2025-01-06","Mechanical seal leaking at gland area","Mechanical seal face wear and spring fatigue; last PM inspection overdue by 83 days","Replaced mechanical seal cartridge; inspected shaft sleeve; PM schedule updated and overdue inspection completed","Anwar","Closed"
"WO-0195","PMP-CW-101","2025-01-08","Routine inspection - minor bearing noise noted","Predictive inspection finding; bearing within limits but trending high","Documented observation; recommended follow-up in 2 weeks; lubricated bearings","Rajan","Closed"
"WO-0196","VLV-PR-201","2025-01-09","Valve stem packing leaking","Packing degradation from thermal cycling; last PM inspection overdue by 24 days","Replaced PTFE packing; torqued gland follower; PM schedule updated and overdue inspection completed","Kavitha","Completed"
"WO-0197","CMP-AIR-101","2025-01-10","High temperature alarm - stage 1 outlet 180°C","Temperature alarm from fouled inter-stage cooler","Cleaned inter-cooler tubes; verified cooling water flow","Anwar","Completed"
"WO-0198","PMP-PR-301","2025-01-13","Seal flush line blocked, seal overheating","Seal failure from loss of flush cooling","Replaced seal; flushed and cleared seal pot lines","Kavitha","Completed"
"WO-0199","HEX-SM-301","2025-01-14","High differential pressure across heat exchanger","Tube-side fouling and partial blockage; last PM inspection overdue by 65 days","High-pressure water jetting of tube bundle; eddy current test; PM schedule updated and overdue inspection completed","Suresh","Completed"
"WO-0200","CMP-AIR-102","2025-01-16","Oil level dropping rapidly, no external leak","Internal oil leakage past cylinder rings; last PM inspection overdue by 61 days","Replaced ring set; inspected cylinder walls for scoring; PM schedule updated and overdue inspection completed","Deepak","Completed"
"WO-0201","VLV-CW-102","2025-01-20","Actuator not responding to control signal","Positioner failure and air supply issue","Replaced positioner; adjusted zero and span","Rajan","Completed"
"WO-0202","PMP-CW-101","2025-01-24","Routine inspection - minor bearing noise noted","Predictive inspection finding; bearing within limits but trending high","Documented observation; recommended follow-up in 2 weeks; lubricated bearings","Anwar","Closed"
"WO-0203","HEX-CW-101","2025-01-24","High differential pressure across heat exchanger","Tube-side fouling and partial blockage; last PM inspection overdue by 26 days","High-pressure water jetting of tube bundle; eddy current test; PM schedule updated and overdue inspection completed","Murugan","Completed"
"WO-0204","VLV-CW-102","2025-01-25","Valve stuck in open position","Corrosion of stem and body seizing","Penetrating oil applied; stem polished; lubricated","Suresh","Completed"
"WO-0205","PMP-FW-202","2025-01-27","Water leakage from pump casing joint","Gland packing failure and shaft wear","Repacked gland; shimmed shaft alignment","Pradeep","Completed"
"WO-0206","PMP-CW-101","2025-01-27","Mechanical seal leaking at gland area","Mechanical seal face wear and spring fatigue; prior inspection warning noted 3 days before failure","Replaced mechanical seal cartridge; inspected shaft sleeve","Rajan","Completed"
"WO-0207","MTR-PR-301","2025-01-27","High vibration and noise at bearing housings","Misalignment and coupling wear","Replaced flexible coupling insert; realigned shafts","Rajan","Completed"
"WO-0208","PMP-CW-101","2025-01-31","Water leakage from pump casing joint","Gland packing failure and shaft wear; prior inspection warning noted 13 days before failure","Repacked gland; shimmed shaft alignment","Rajan","Completed"
"WO-0209","CMP-AIR-102","2025-01-31","Oil found in discharge air line","Oil leakage past worn oil seals on crankshaft; last PM inspection overdue by 87 days","Replaced crankshaft oil seals; changed lubricating oil; PM schedule updated and overdue inspection completed","Anwar","Completed"
"WO-0210","PMP-FW-201","2025-02-04","Pump vibration exceeds 7mm/s RMS","Bearing wear combined with rotor imbalance","Bearings replaced; rotor balanced in-situ","Suresh","Completed"
"WO-0211","MTR-FW-201","2025-02-04","Motor winding temperature above 85°C","Overheating due to blocked ventilation ducts","Cleaned cooling fins; replaced cooling fan; checked current draw","Kavitha","Closed"
"WO-0212","HEX-SM-301","2025-02-05","Tube bundle leakage found during inspection","Erosion-corrosion at tube ends; last PM inspection overdue by 25 days","Plugged leaking tubes; scheduled tube bundle replacement; PM schedule updated and overdue inspection completed","Suresh","Completed"
"WO-0213","VLV-DR-501","2025-02-06","Valve stem packing leaking","Packing degradation from thermal cycling; last PM inspection overdue by 69 days","Replaced PTFE packing; torqued gland follower; PM schedule updated and overdue inspection completed","Suresh","Completed"
"WO-0214","PMP-FW-202","2025-02-07","Pump casing erosion observed","Prolonged cavitation causing pitting","Casing interior epoxy-coated; NPSH margins reviewed","Suresh","Closed"
"WO-0215","VLV-DR-501","2025-02-07","Actuator not responding to control signal","Positioner failure and air supply issue","Replaced positioner; adjusted zero and span","Kavitha","Closed"
"WO-0216","PMP-CW-102","2025-02-11","High bearing temperature alarm triggered","Advanced bearing wear, lubricant degradation","Emergency bearing replacement; installed temperature sensor","Rajan","Completed"
"WO-0217","PMP-PR-301","2025-02-12","Abnormal noise during pump startup","Cavitation due to low suction pressure; last PM inspection overdue by 44 days","Adjusted suction valve opening; cleared strainer blockage; PM schedule updated and overdue inspection completed","Rajan","Completed"
"WO-0218","MTR-PR-301","2025-02-13","Motor tripping on earth fault relay","Winding insulation breakdown at phase-to-earth","Rewound stator; upgraded insulation class to F","Pradeep","Completed"
"WO-0219","CMP-AIR-101","2025-02-15","Discharge pressure dropping below setpoint","Pressure loss due to worn piston rings","Replaced piston rings and cylinder liners; pressure tested","Rajan","Completed"
"WO-0220","MTR-FW-201","2025-02-16","IR value 0.8 MΩ, below 1 MΩ threshold","Insulation deterioration from thermal cycling","Partial rewind; applied class H varnish; dried in oven 8 hours","Pradeep","Closed"
"WO-0221","VLV-CW-101","2025-02-17","Valve passing in closed position","Seat erosion from high velocity flow; last PM inspection overdue by 87 days","Lapped valve seat; replaced stem packing; PM schedule updated and overdue inspection completed","Kavitha","Completed"
"WO-0222","CMP-N2-201","2025-02-22","System pressure unstable, hunting observed","Pressure loss from leaking inlet valve","Replaced inlet valve assembly; reseated valve plate","Rajan","Completed"
"WO-0223","HEX-PR-201","2025-02-23","Process outlet temperature 8°C above target","Fouling on shell side reducing heat transfer; last PM inspection overdue by 51 days","Mechanical cleaning of shell side; replaced gaskets; PM schedule updated and overdue inspection completed","Kavitha","Completed"
"WO-0224","MTR-FW-202","2025-02-27","High vibration and noise at bearing housings","Misalignment and coupling wear","Replaced flexible coupling insert; realigned shafts","Suresh","Completed"
"WO-0225","HEX-PR-201","2025-03-02","High differential pressure across heat exchanger","Tube-side fouling and partial blockage","High-pressure water jetting of tube bundle; eddy current test","Suresh","Completed"
"WO-0226","PMP-CW-101","2025-03-03","Routine inspection - minor bearing noise noted","Predictive inspection finding; bearing within limits but trending high","Documented observation; recommended follow-up in 2 weeks; lubricated bearings","Anwar","Closed"
"WO-0227","VLV-CW-101","2025-03-03","Valve stem packing leaking","Packing degradation from thermal cycling; last PM inspection overdue by 16 days","Replaced PTFE packing; torqued gland follower; PM schedule updated and overdue inspection completed","Deepak","Completed"
"WO-0228","HEX-CW-102","2025-03-05","High differential pressure across heat exchanger","Tube-side fouling and partial blockage","High-pressure water jetting of tube bundle; eddy current test","Anwar","Completed"
"WO-0229","CMP-AIR-102","2025-03-06","Compressor shutdown on high temp trip 200°C","Temperature alarm due to low oil level causing friction; last PM inspection overdue by 80 days","Topped oil; replaced oil cooler; checked all temp sensors; PM schedule updated and overdue inspection completed","Murugan","Completed"
"WO-0230","CMP-AIR-101","2025-03-08","Oil level dropping rapidly, no external leak","Internal oil leakage past cylinder rings; last PM inspection overdue by 68 days","Replaced ring set; inspected cylinder walls for scoring; PM schedule updated and overdue inspection completed","Deepak","Completed"
"WO-0231","PMP-CW-101","2025-03-11","Abnormal noise during pump startup","Cavitation due to low suction pressure; prior inspection warning noted 15 days before failure; last PM inspection overdue by 68 days","Adjusted suction valve opening; cleared strainer blockage; PM schedule updated and overdue inspection completed","Pradeep","Completed"
"WO-0232","CMP-N2-201","2025-03-12","Compressor shutdown on high temp trip 200°C","Temperature alarm due to low oil level causing friction","Topped oil; replaced oil cooler; checked all temp sensors","Murugan","Completed"
"WO-0233","HEX-CW-101","2025-03-13","High differential pressure across heat exchanger","Tube-side fouling and partial blockage","High-pressure water jetting of tube bundle; eddy current test","Suresh","Completed"
"WO-0234","HEX-SM-301","2025-03-15","High differential pressure across heat exchanger","Tube-side fouling and partial blockage; last PM inspection overdue by 50 days","High-pressure water jetting of tube bundle; eddy current test; PM schedule updated and overdue inspection completed","Murugan","Completed"
"WO-0235","HEX-CW-102","2025-03-15","Process outlet temperature 8°C above target","Fouling on shell side reducing heat transfer","Mechanical cleaning of shell side; replaced gaskets","Suresh","Completed"
"WO-0236","MTR-CW-101","2025-03-18","IR value 0.8 MΩ, below 1 MΩ threshold","Insulation deterioration from thermal cycling","Partial rewind; applied class H varnish; dried in oven 8 hours","Kavitha","Completed"
"WO-0237","CMP-AIR-101","2025-03-21","Oil carryover contaminating process air","Oil leakage from separator element failure","Replaced oil separator element; checked coalescing filter","Anwar","Completed"
"WO-0238","HEX-PR-201","2025-03-21","Process outlet temperature 8°C above target","Fouling on shell side reducing heat transfer; last PM inspection overdue by 63 days","Mechanical cleaning of shell side; replaced gaskets; PM schedule updated and overdue inspection completed","Deepak","Completed"
"WO-0239","HEX-CW-102","2025-03-22","High differential pressure across heat exchanger","Tube-side fouling and partial blockage","High-pressure water jetting of tube bundle; eddy current test","Pradeep","Completed"
"WO-0240","MTR-FW-201","2025-03-22","IR value 0.8 MΩ, below 1 MΩ threshold","Insulation deterioration from thermal cycling; last PM inspection overdue by 28 days","Partial rewind; applied class H varnish; dried in oven 8 hours; PM schedule updated and overdue inspection completed","Pradeep","Closed"
"WO-0241","HEX-PR-201","2025-03-23","High differential pressure across heat exchanger","Tube-side fouling and partial blockage","High-pressure water jetting of tube bundle; eddy current test","Suresh","Completed"
"WO-0242","VLV-CW-101","2025-03-29","Valve stem packing leaking","Packing degradation from thermal cycling","Replaced PTFE packing; torqued gland follower","Rajan","Closed"
"WO-0243","HEX-CW-102","2025-03-30","High differential pressure across heat exchanger","Tube-side fouling and partial blockage; last PM inspection overdue by 34 days","High-pressure water jetting of tube bundle; eddy current test; PM schedule updated and overdue inspection completed","Kavitha","Closed"
"WO-0244","VLV-DR-501","2025-03-31","Valve passing in closed position","Seat erosion from high velocity flow","Lapped valve seat; replaced stem packing","Rajan","Closed"
"WO-0245","PMP-PR-301","2025-04-02","Seal flush line blocked, seal overheating","Seal failure from loss of flush cooling; last PM inspection overdue by 67 days","Replaced seal; flushed and cleared seal pot lines; PM schedule updated and overdue inspection completed","Rajan","Completed"
"WO-0246","PMP-PR-301","2025-04-05","Seal flush line blocked, seal overheating","Seal failure from loss of flush cooling","Replaced seal; flushed and cleared seal pot lines","Suresh","Closed"
"WO-0247","CMP-AIR-102","2025-04-07","Oil carryover contaminating process air","Oil leakage from separator element failure","Replaced oil separator element; checked coalescing filter","Murugan","Completed"
"WO-0248","VLV-DR-501","2025-04-08","Actuator not responding to control signal","Positioner failure and air supply issue; last PM inspection overdue by 37 days","Replaced positioner; adjusted zero and span; PM schedule updated and overdue inspection completed","Rajan","Completed"
"WO-0249","MTR-FW-201","2025-04-09","Insulation resistance low - 0.3 MΩ measured","Insulation failure due to moisture ingress","Oven-dried windings; applied insulation varnish; megger tested","Rajan","Completed"
"WO-0250","VLV-ST-301","2025-04-19","Actuator not responding to control signal","Positioner failure and air supply issue; last PM inspection overdue by 28 days","Replaced positioner; adjusted zero and span; PM schedule updated and overdue inspection completed","Anwar","Completed"
"WO-0251","PMP-FW-201","2025-04-21","Mechanical seal leaking at gland area","Mechanical seal face wear and spring fatigue","Replaced mechanical seal cartridge; inspected shaft sleeve","Murugan","Completed"
"WO-0252","PMP-CW-101","2025-04-25","Routine inspection - minor bearing noise noted","Predictive inspection finding; bearing within limits but trending high","Documented observation; recommended follow-up in 2 weeks; lubricated bearings","Anwar","Closed"
"WO-0253","PMP-FW-201","2025-04-27","Abnormal noise during pump startup","Cavitation due to low suction pressure","Adjusted suction valve opening; cleared strainer blockage","Anwar","Completed"
"WO-0254","MTR-FW-201","2025-04-29","Motor tripping on earth fault relay","Winding insulation breakdown at phase-to-earth","Rewound stator; upgraded insulation class to F","Rajan","Closed"
"WO-0255","CMP-AIR-102","2025-05-01","Compressor shutdown on high temp trip 200°C","Temperature alarm due to low oil level causing friction; last PM inspection overdue by 39 days","Topped oil; replaced oil cooler; checked all temp sensors; PM schedule updated and overdue inspection completed","Suresh","Completed"
"WO-0256","MTR-FW-201","2025-05-10","Motor winding temperature above 85°C","Overheating due to blocked ventilation ducts; last PM inspection overdue by 79 days","Cleaned cooling fins; replaced cooling fan; checked current draw; PM schedule updated and overdue inspection completed","Murugan","Closed"
"WO-0257","HEX-CW-102","2025-05-13","Tube bundle leakage found during inspection","Erosion-corrosion at tube ends","Plugged leaking tubes; scheduled tube bundle replacement","Deepak","Completed"
"WO-0258","CMP-REF-301","2025-05-13","High temperature alarm - stage 1 outlet 180°C","Temperature alarm from fouled inter-stage cooler","Cleaned inter-cooler tubes; verified cooling water flow","Deepak","Completed"
"WO-0259","CMP-N2-201","2025-05-15","Outlet pressure 3 bar below rated value","Pressure loss from scored cylinder bore","Cylinder rebored and honed; new oversize piston fitted","Pradeep","Completed"
"WO-0260","PMP-CW-101","2025-05-15","Pump vibration exceeds 7mm/s RMS","Bearing wear combined with rotor imbalance; prior inspection warning noted 16 days before failure","Bearings replaced; rotor balanced in-situ","Suresh","Completed"
"WO-0261","MTR-CW-102","2025-05-16","High vibration and noise at bearing housings","Misalignment and coupling wear","Replaced flexible coupling insert; realigned shafts","Deepak","Completed"
"WO-0262","VLV-CW-101","2025-05-16","Valve stem packing leaking","Packing degradation from thermal cycling","Replaced PTFE packing; torqued gland follower","Pradeep","Completed"
"WO-0263","CMP-N2-201","2025-05-16","Intercooler outlet temperature elevated 20°C","Fouling and scale buildup in heat exchanger passages","Chemical descaling of cooler; backflushed cooling water circuit","Rajan","Completed"
"WO-0264","CMP-AIR-101","2025-05-21","System pressure unstable, hunting observed","Pressure loss from leaking inlet valve","Replaced inlet valve assembly; reseated valve plate","Deepak","Completed"
"WO-0265","MTR-CW-102","2025-05-21","Motor winding temperature above 85°C","Overheating due to blocked ventilation ducts","Cleaned cooling fins; replaced cooling fan; checked current draw","Suresh","Completed"
"WO-0266","MTR-FW-202","2025-05-22","Thermal overload trip during peak load","Overheating from overloaded operating conditions","Reset overload relay; adjusted load; verified current settings","Rajan","Completed"
"WO-0267","VLV-PR-201","2025-06-02","Actuator not responding to control signal","Positioner failure and air supply issue; last PM inspection overdue by 50 days","Replaced positioner; adjusted zero and span; PM schedule updated and overdue inspection completed","Deepak","Completed"
"WO-0268","CMP-AIR-101","2025-06-04","Intercooler outlet temperature elevated 20°C","Fouling and scale buildup in heat exchanger passages; last PM inspection overdue by 38 days","Chemical descaling of cooler; backflushed cooling water circuit; PM schedule updated and overdue inspection completed","Murugan","Completed"
"WO-0269","HEX-SM-301","2025-06-07","Tube bundle leakage found during inspection","Erosion-corrosion at tube ends","Plugged leaking tubes; scheduled tube bundle replacement","Suresh","Completed"
"WO-0270","PMP-PR-301","2025-06-10","Excessive bearing noise and vibration","Bearing wear due to inadequate lubrication","Replaced drive-end and non-drive-end bearings; repacked with lithium grease","Suresh","Completed"
"WO-0271","PMP-FW-202","2025-06-14","Water leakage from pump casing joint","Gland packing failure and shaft wear","Repacked gland; shimmed shaft alignment","Pradeep","Completed"
"WO-0272","VLV-PR-202","2025-06-15","Valve passing in closed position","Seat erosion from high velocity flow","Lapped valve seat; replaced stem packing","Murugan","Completed"
"WO-0273","VLV-ST-301","2025-06-15","Valve stuck in open position","Corrosion of stem and body seizing","Penetrating oil applied; stem polished; lubricated","Murugan","Completed"
"WO-0274","PMP-CW-101","2025-06-16","Routine inspection - minor bearing noise noted","Predictive inspection finding; bearing within limits but trending high","Documented observation; recommended follow-up in 2 weeks; lubricated bearings","Rajan","Closed"
"WO-0275","MTR-FW-201","2025-06-16","High vibration and noise at bearing housings","Misalignment and coupling wear","Replaced flexible coupling insert; realigned shafts","Suresh","Completed"
"WO-0276","MTR-FW-201","2025-06-17","Insulation resistance low - 0.3 MΩ measured","Insulation failure due to moisture ingress","Oven-dried windings; applied insulation varnish; megger tested","Anwar","Completed"
"WO-0277","VLV-CW-102","2025-06-20","Valve passing in closed position","Seat erosion from high velocity flow","Lapped valve seat; replaced stem packing","Anwar","Completed"
"WO-0278","PMP-CW-101","2025-06-20","Routine inspection - minor bearing noise noted","Predictive inspection finding; bearing within limits but trending high","Documented observation; recommended follow-up in 2 weeks; lubricated bearings","Kavitha","Closed"
"WO-0279","PMP-CW-101","2025-06-21","Abnormal noise during pump startup","Cavitation due to low suction pressure; prior inspection warning noted 7 days before failure","Adjusted suction valve opening; cleared strainer blockage","Rajan","Completed"
"WO-0280","CMP-REF-301","2025-06-21","High temperature alarm - stage 1 outlet 180°C","Temperature alarm from fouled inter-stage cooler; last PM inspection overdue by 32 days","Cleaned inter-cooler tubes; verified cooling water flow; PM schedule updated and overdue inspection completed","Suresh","Completed"
"WO-0281","CMP-AIR-101","2025-06-23","Oil level dropping rapidly, no external leak","Internal oil leakage past cylinder rings","Replaced ring set; inspected cylinder walls for scoring","Kavitha","Completed"
"WO-0282","PMP-PR-301","2025-06-24","Excessive bearing noise and vibration","Bearing wear due to inadequate lubrication","Replaced drive-end and non-drive-end bearings; repacked with lithium grease","Kavitha","Closed"
"WO-0283","CMP-AIR-102","2025-06-25","Intercooler outlet temperature elevated 20°C","Fouling and scale buildup in heat exchanger passages","Chemical descaling of cooler; backflushed cooling water circuit","Rajan","Completed"
"WO-0284","MTR-FW-202","2025-06-26","Insulation resistance low - 0.3 MΩ measured","Insulation failure due to moisture ingress","Oven-dried windings; applied insulation varnish; megger tested","Pradeep","Completed"
"WO-0285","CMP-REF-301","2025-06-26","Compressor shutdown on high temp trip 200°C","Temperature alarm due to low oil level causing friction; last PM inspection overdue by 21 days","Topped oil; replaced oil cooler; checked all temp sensors; PM schedule updated and overdue inspection completed","Pradeep","Completed"
"WO-0286","VLV-CW-102","2025-06-28","Actuator not responding to control signal","Positioner failure and air supply issue","Replaced positioner; adjusted zero and span","Suresh","Completed"
"WO-0287","MTR-FW-202","2025-07-01","Motor winding temperature above 85°C","Overheating due to blocked ventilation ducts; last PM inspection overdue by 19 days","Cleaned cooling fins; replaced cooling fan; checked current draw; PM schedule updated and overdue inspection completed","Anwar","Completed"
"WO-0288","VLV-ST-301","2025-07-02","Valve stem packing leaking","Packing degradation from thermal cycling","Replaced PTFE packing; torqued gland follower","Pradeep","Completed"
"WO-0289","CMP-N2-201","2025-07-03","High temperature alarm - stage 1 outlet 180°C","Temperature alarm from fouled inter-stage cooler; last PM inspection overdue by 90 days","Cleaned inter-cooler tubes; verified cooling water flow; PM schedule updated and overdue inspection completed","Murugan","Completed"
"WO-0290","VLV-PR-201","2025-07-04","Valve stuck in open position","Corrosion of stem and body seizing","Penetrating oil applied; stem polished; lubricated","Anwar","Completed"
"WO-0291","PMP-CW-101","2025-07-05","Excessive bearing noise and vibration","Bearing wear due to inadequate lubrication; prior inspection warning noted 13 days before failure","Replaced drive-end and non-drive-end bearings; repacked with lithium grease","Rajan","Completed"
"WO-0292","PMP-CW-101","2025-07-05","Excessive bearing noise and vibration","Bearing wear due to inadequate lubrication","Replaced drive-end and non-drive-end bearings; repacked with lithium grease","Kavitha","Completed"
"WO-0293","HEX-CW-102","2025-07-07","Tube bundle leakage found during inspection","Erosion-corrosion at tube ends","Plugged leaking tubes; scheduled tube bundle replacement","Anwar","Completed"
"WO-0294","MTR-FW-202","2025-07-07","Excessive vibration at coupling end","Shaft misalignment with driven pump","Laser alignment performed; alignment to within 0.05mm","Suresh","Completed"
"WO-0295","PMP-PR-301","2025-07-14","Abnormal noise during pump startup","Cavitation due to low suction pressure","Adjusted suction valve opening; cleared strainer blockage","Rajan","Completed"
"WO-0296","CMP-AIR-102","2025-07-19","System pressure unstable, hunting observed","Pressure loss from leaking inlet valve; last PM inspection overdue by 67 days","Replaced inlet valve assembly; reseated valve plate; PM schedule updated and overdue inspection completed","Anwar","Completed"
"WO-0297","PMP-CW-101","2025-07-22","Routine inspection - minor bearing noise noted","Predictive inspection finding; bearing within limits but trending high","Documented observation; recommended follow-up in 2 weeks; lubricated bearings","Kavitha","Closed"
"WO-0298","CMP-AIR-101","2025-07-23","Outlet pressure 3 bar below rated value","Pressure loss from scored cylinder bore","Cylinder rebored and honed; new oversize piston fitted","Rajan","Completed"
"WO-0299","PMP-PR-301","2025-07-23","Water leakage from pump casing joint","Gland packing failure and shaft wear","Repacked gland; shimmed shaft alignment","Deepak","Completed"
"WO-0300","MTR-PR-301","2025-07-24","IR value 0.8 MΩ, below 1 MΩ threshold","Insulation deterioration from thermal cycling; last PM inspection overdue by 62 days","Partial rewind; applied class H varnish; dried in oven 8 hours; PM schedule updated and overdue inspection completed","Anwar","Closed"
"WO-0301","CMP-REF-301","2025-07-27","System pressure unstable, hunting observed","Pressure loss from leaking inlet valve; last PM inspection overdue by 59 days","Replaced inlet valve assembly; reseated valve plate; PM schedule updated and overdue inspection completed","Rajan","Closed"
"WO-0302","CMP-AIR-101","2025-07-28","Intercooler outlet temperature elevated 20°C","Fouling and scale buildup in heat exchanger passages","Chemical descaling of cooler; backflushed cooling water circuit","Anwar","Closed"
"WO-0303","MTR-CW-101","2025-08-01","High vibration and noise at bearing housings","Misalignment and coupling wear","Replaced flexible coupling insert; realigned shafts","Pradeep","Completed"
"WO-0304","MTR-PR-301","2025-08-03","Motor tripping on earth fault relay","Winding insulation breakdown at phase-to-earth","Rewound stator; upgraded insulation class to F","Pradeep","Closed"
"WO-0305","PMP-PR-301","2025-08-03","Seal flush line blocked, seal overheating","Seal failure from loss of flush cooling","Replaced seal; flushed and cleared seal pot lines","Deepak","Completed"
"WO-0306","CMP-N2-201","2025-08-04","Oil carryover contaminating process air","Oil leakage from separator element failure","Replaced oil separator element; checked coalescing filter","Murugan","Completed"
"WO-0307","PMP-CW-101","2025-08-04","Seal flush line blocked, seal overheating","Seal failure from loss of flush cooling; prior inspection warning noted 3 days before failure","Replaced seal; flushed and cleared seal pot lines","Suresh","Completed"
"WO-0308","PMP-CW-102","2025-08-04","Water leakage from pump casing joint","Gland packing failure and shaft wear; last PM inspection overdue by 53 days","Repacked gland; shimmed shaft alignment; PM schedule updated and overdue inspection completed","Suresh","Completed"
"WO-0309","HEX-CW-101","2025-08-04","Tube bundle leakage found during inspection","Erosion-corrosion at tube ends; last PM inspection overdue by 58 days","Plugged leaking tubes; scheduled tube bundle replacement; PM schedule updated and overdue inspection completed","Kavitha","Completed"
"WO-0310","CMP-AIR-101","2025-08-05","Compressor shutdown on high temp trip 200°C","Temperature alarm due to low oil level causing friction; last PM inspection overdue by 65 days","Topped oil; replaced oil cooler; checked all temp sensors; PM schedule updated and overdue inspection completed","Rajan","Completed"
"WO-0311","HEX-CW-102","2025-08-08","Process outlet temperature 8°C above target","Fouling on shell side reducing heat transfer","Mechanical cleaning of shell side; replaced gaskets","Kavitha","Completed"
"WO-0312","VLV-PR-202","2025-08-08","Valve passing in closed position","Seat erosion from high velocity flow; last PM inspection overdue by 70 days","Lapped valve seat; replaced stem packing; PM schedule updated and overdue inspection completed","Suresh","Completed"
"WO-0313","HEX-PR-201","2025-08-08","High differential pressure across heat exchanger","Tube-side fouling and partial blockage; last PM inspection overdue by 88 days","High-pressure water jetting of tube bundle; eddy current test; PM schedule updated and overdue inspection completed","Rajan","Completed"
"WO-0314","CMP-AIR-102","2025-08-10","Outlet pressure 3 bar below rated value","Pressure loss from scored cylinder bore","Cylinder rebored and honed; new oversize piston fitted","Deepak","Completed"
"WO-0315","MTR-FW-202","2025-08-10","High vibration and noise at bearing housings","Misalignment and coupling wear; last PM inspection overdue by 67 days","Replaced flexible coupling insert; realigned shafts; PM schedule updated and overdue inspection completed","Kavitha","Completed"
"WO-0316","PMP-FW-201","2025-08-10","Excessive bearing noise and vibration","Bearing wear due to inadequate lubrication","Replaced drive-end and non-drive-end bearings; repacked with lithium grease","Rajan","Completed"
"WO-0317","VLV-GS-401","2025-08-11","Valve stem packing leaking","Packing degradation from thermal cycling; last PM inspection overdue by 38 days","Replaced PTFE packing; torqued gland follower; PM schedule updated and overdue inspection completed","Anwar","Completed"
"WO-0318","VLV-PR-201","2025-08-12","Valve stem packing leaking","Packing degradation from thermal cycling; last PM inspection overdue by 19 days","Replaced PTFE packing; torqued gland follower; PM schedule updated and overdue inspection completed","Pradeep","Completed"
"WO-0319","PMP-CW-101","2025-08-15","Pump casing erosion observed","Prolonged cavitation causing pitting","Casing interior epoxy-coated; NPSH margins reviewed","Anwar","Completed"
"WO-0320","PMP-FW-201","2025-08-16","Flow rate drop with high power consumption","Cavitation from entrained air in suction line","Bled air from suction; repaired suction pipe joint","Murugan","Completed"
"WO-0321","MTR-CW-101","2025-08-16","Excessive vibration at coupling end","Shaft misalignment with driven pump; last PM inspection overdue by 28 days","Laser alignment performed; alignment to within 0.05mm; PM schedule updated and overdue inspection completed","Kavitha","Completed"
"WO-0322","VLV-CW-101","2025-08-16","Actuator not responding to control signal","Positioner failure and air supply issue","Replaced positioner; adjusted zero and span","Suresh","Completed"
"WO-0323","PMP-PR-301","2025-08-20","Water leakage from pump casing joint","Gland packing failure and shaft wear","Repacked gland; shimmed shaft alignment","Anwar","Completed"
"WO-0324","MTR-FW-201","2025-08-21","Thermal overload trip during peak load","Overheating from overloaded operating conditions","Reset overload relay; adjusted load; verified current settings","Suresh","Completed"
"WO-0325","PMP-PR-301","2025-08-21","Abnormal noise during pump startup","Cavitation due to low suction pressure; last PM inspection overdue by 80 days","Adjusted suction valve opening; cleared strainer blockage; PM schedule updated and overdue inspection completed","Murugan","Completed"
"WO-0326","VLV-ST-301","2025-08-30","Actuator not responding to control signal","Positioner failure and air supply issue","Replaced positioner; adjusted zero and span","Rajan","Completed"
"WO-0327","MTR-CW-101","2025-09-03","High vibration and noise at bearing housings","Misalignment and coupling wear; last PM inspection overdue by 21 days","Replaced flexible coupling insert; realigned shafts; PM schedule updated and overdue inspection completed","Deepak","Completed"
"WO-0328","PMP-PR-301","2025-09-04","Water leakage from pump casing joint","Gland packing failure and shaft wear","Repacked gland; shimmed shaft alignment","Deepak","Completed"
"WO-0329","MTR-FW-202","2025-09-05","IR value 0.8 MΩ, below 1 MΩ threshold","Insulation deterioration from thermal cycling","Partial rewind; applied class H varnish; dried in oven 8 hours","Anwar","Completed"
"WO-0330","CMP-REF-301","2025-09-07","Compressor shutdown on high temp trip 200°C","Temperature alarm due to low oil level causing friction; last PM inspection overdue by 44 days","Topped oil; replaced oil cooler; checked all temp sensors; PM schedule updated and overdue inspection completed","Deepak","Completed"
"WO-0331","MTR-CW-101","2025-09-08","Thermal overload trip during peak load","Overheating from overloaded operating conditions; last PM inspection overdue by 87 days","Reset overload relay; adjusted load; verified current settings; PM schedule updated and overdue inspection completed","Murugan","Completed"
"WO-0332","MTR-FW-201","2025-09-09","Insulation resistance low - 0.3 MΩ measured","Insulation failure due to moisture ingress","Oven-dried windings; applied insulation varnish; megger tested","Pradeep","Completed"
"WO-0333","MTR-FW-201","2025-09-26","IR value 0.8 MΩ, below 1 MΩ threshold","Insulation deterioration from thermal cycling","Partial rewind; applied class H varnish; dried in oven 8 hours","Deepak","Completed"
"WO-0334","MTR-CW-102","2025-09-28","Motor tripping on earth fault relay","Winding insulation breakdown at phase-to-earth","Rewound stator; upgraded insulation class to F","Pradeep","Completed"
"WO-0335","VLV-PR-202","2025-09-28","Valve passing in closed position","Seat erosion from high velocity flow; last PM inspection overdue by 26 days","Lapped valve seat; replaced stem packing; PM schedule updated and overdue inspection completed","Kavitha","Completed"
"WO-0336","PMP-FW-201","2025-09-29","Mechanical seal leaking at gland area","Mechanical seal face wear and spring fatigue; last PM inspection overdue by 84 days","Replaced mechanical seal cartridge; inspected shaft sleeve; PM schedule updated and overdue inspection completed","Pradeep","Completed"
"WO-0337","MTR-FW-202","2025-09-30","Motor winding temperature above 85°C","Overheating due to blocked ventilation ducts","Cleaned cooling fins; replaced cooling fan; checked current draw","Pradeep","Closed"
"WO-0338","MTR-FW-201","2025-10-01","Excessive vibration at coupling end","Shaft misalignment with driven pump","Laser alignment performed; alignment to within 0.05mm","Suresh","Completed"
"WO-0339","PMP-CW-102","2025-10-05","Pump casing erosion observed","Prolonged cavitation causing pitting","Casing interior epoxy-coated; NPSH margins reviewed","Deepak","Completed"
"WO-0340","MTR-FW-201","2025-10-06","Thermal overload trip during peak load","Overheating from overloaded operating conditions","Reset overload relay; adjusted load; verified current settings","Kavitha","Completed"
"WO-0341","HEX-PR-201","2025-10-06","Process outlet temperature 8°C above target","Fouling on shell side reducing heat transfer","Mechanical cleaning of shell side; replaced gaskets","Pradeep","Completed"
"WO-0342","MTR-PR-301","2025-10-07","IR value 0.8 MΩ, below 1 MΩ threshold","Insulation deterioration from thermal cycling; last PM inspection overdue by 57 days","Partial rewind; applied class H varnish; dried in oven 8 hours; PM schedule updated and overdue inspection completed","Rajan","Completed"
"WO-0343","PMP-CW-102","2025-10-10","Water leakage from pump casing joint","Gland packing failure and shaft wear","Repacked gland; shimmed shaft alignment","Deepak","Completed"
"WO-0344","VLV-GS-401","2025-10-11","Valve stuck in open position","Corrosion of stem and body seizing","Penetrating oil applied; stem polished; lubricated","Anwar","Completed"
"WO-0345","HEX-CW-102","2025-10-13","High differential pressure across heat exchanger","Tube-side fouling and partial blockage; last PM inspection overdue by 65 days","High-pressure water jetting of tube bundle; eddy current test; PM schedule updated and overdue inspection completed","Deepak","Completed"
"WO-0346","HEX-CW-101","2025-10-15","Process outlet temperature 8°C above target","Fouling on shell side reducing heat transfer","Mechanical cleaning of shell side; replaced gaskets","Anwar","Completed"
"WO-0347","VLV-PR-201","2025-10-17","Valve stem packing leaking","Packing degradation from thermal cycling","Replaced PTFE packing; torqued gland follower","Deepak","Completed"
"WO-0348","HEX-CW-101","2025-10-19","High differential pressure across heat exchanger","Tube-side fouling and partial blockage","High-pressure water jetting of tube bundle; eddy current test","Rajan","Completed"
"WO-0349","PMP-CW-101","2025-10-20","Water leakage from pump casing joint","Gland packing failure and shaft wear; last PM inspection overdue by 87 days","Repacked gland; shimmed shaft alignment; PM schedule updated and overdue inspection completed","Rajan","Completed"
"WO-0350","MTR-FW-201","2025-10-21","Motor winding temperature above 85°C","Overheating due to blocked ventilation ducts","Cleaned cooling fins; replaced cooling fan; checked current draw","Deepak","Closed"
"WO-0351","VLV-DR-501","2025-10-21","Valve stuck in open position","Corrosion of stem and body seizing","Penetrating oil applied; stem polished; lubricated","Murugan","Completed"
"WO-0352","MTR-FW-201","2025-10-21","Motor winding temperature above 85°C","Overheating due to blocked ventilation ducts","Cleaned cooling fins; replaced cooling fan; checked current draw","Kavitha","Completed"
"WO-0353","PMP-CW-101","2025-10-22","Routine inspection - minor bearing noise noted","Predictive inspection finding; bearing within limits but trending high","Documented observation; recommended follow-up in 2 weeks; lubricated bearings","Anwar","Closed"
"WO-0354","CMP-AIR-101","2025-10-22","Oil carryover contaminating process air","Oil leakage from separator element failure; last PM inspection overdue by 72 days","Replaced oil separator element; checked coalescing filter; PM schedule updated and overdue inspection completed","Rajan","Completed"
"WO-0355","MTR-PR-301","2025-10-22","Motor winding temperature above 85°C","Overheating due to blocked ventilation ducts","Cleaned cooling fins; replaced cooling fan; checked current draw","Murugan","Completed"
"WO-0356","PMP-PR-301","2025-10-24","Pump vibration exceeds 7mm/s RMS","Bearing wear combined with rotor imbalance","Bearings replaced; rotor balanced in-situ","Suresh","Completed"
"WO-0357","CMP-N2-201","2025-10-25","System pressure unstable, hunting observed","Pressure loss from leaking inlet valve","Replaced inlet valve assembly; reseated valve plate","Rajan","Completed"
"WO-0358","PMP-CW-101","2025-10-28","Flow rate drop with high power consumption","Cavitation from entrained air in suction line; prior inspection warning noted 21 days before failure","Bled air from suction; repaired suction pipe joint","Suresh","Completed"
"WO-0359","CMP-N2-201","2025-10-30","System pressure unstable, hunting observed","Pressure loss from leaking inlet valve","Replaced inlet valve assembly; reseated valve plate","Kavitha","Completed"
"WO-0360","VLV-DR-501","2025-10-30","Valve stem packing leaking","Packing degradation from thermal cycling","Replaced PTFE packing; torqued gland follower","Suresh","Completed"
"WO-0361","VLV-GS-401","2025-11-01","Actuator not responding to control signal","Positioner failure and air supply issue; last PM inspection overdue by 73 days","Replaced positioner; adjusted zero and span; PM schedule updated and overdue inspection completed","Rajan","Completed"
"WO-0362","PMP-FW-201","2025-11-01","Excessive bearing noise and vibration","Bearing wear due to inadequate lubrication","Replaced drive-end and non-drive-end bearings; repacked with lithium grease","Deepak","Completed"
"WO-0363","VLV-ST-301","2025-11-02","Actuator not responding to control signal","Positioner failure and air supply issue","Replaced positioner; adjusted zero and span","Rajan","Completed"
"WO-0364","CMP-AIR-101","2025-11-04","Oil level dropping rapidly, no external leak","Internal oil leakage past cylinder rings","Replaced ring set; inspected cylinder walls for scoring","Rajan","Closed"
"WO-0365","MTR-PR-301","2025-11-06","Motor tripping on earth fault relay","Winding insulation breakdown at phase-to-earth","Rewound stator; upgraded insulation class to F","Pradeep","Completed"
"WO-0366","HEX-CW-102","2025-11-06","Tube bundle leakage found during inspection","Erosion-corrosion at tube ends; last PM inspection overdue by 36 days","Plugged leaking tubes; scheduled tube bundle replacement; PM schedule updated and overdue inspection completed","Deepak","Completed"
"WO-0367","PMP-FW-201","2025-11-09","Abnormal noise during pump startup","Cavitation due to low suction pressure","Adjusted suction valve opening; cleared strainer blockage","Pradeep","Completed"
"WO-0368","PMP-PR-301","2025-11-10","Mechanical seal leaking at gland area","Mechanical seal face wear and spring fatigue","Replaced mechanical seal cartridge; inspected shaft sleeve","Suresh","Completed"
"WO-0369","MTR-PR-301","2025-11-14","Excessive vibration at coupling end","Shaft misalignment with driven pump","Laser alignment performed; alignment to within 0.05mm","Deepak","Completed"
"WO-0370","CMP-AIR-102","2025-11-15","Oil found in discharge air line","Oil leakage past worn oil seals on crankshaft; last PM inspection overdue by 59 days","Replaced crankshaft oil seals; changed lubricating oil; PM schedule updated and overdue inspection completed","Anwar","Closed"
"WO-0371","PMP-CW-102","2025-11-16","Water leakage from pump casing joint","Gland packing failure and shaft wear; last PM inspection overdue by 46 days","Repacked gland; shimmed shaft alignment; PM schedule updated and overdue inspection completed","Deepak","Completed"
"WO-0372","HEX-CW-102","2025-11-17","High differential pressure across heat exchanger","Tube-side fouling and partial blockage; last PM inspection overdue by 76 days","High-pressure water jetting of tube bundle; eddy current test; PM schedule updated and overdue inspection completed","Deepak","Completed"
"WO-0373","VLV-CW-101","2025-11-19","Valve passing in closed position","Seat erosion from high velocity flow","Lapped valve seat; replaced stem packing","Anwar","Completed"
"WO-0374","PMP-CW-102","2025-11-20","Pump casing erosion observed","Prolonged cavitation causing pitting","Casing interior epoxy-coated; NPSH margins reviewed","Deepak","Completed"
"WO-0375","VLV-DR-501","2025-11-22","Actuator not responding to control signal","Positioner failure and air supply issue","Replaced positioner; adjusted zero and span","Suresh","Closed"
"WO-0376","VLV-PR-202","2025-11-24","Valve stem packing leaking","Packing degradation from thermal cycling","Replaced PTFE packing; torqued gland follower","Pradeep","Completed"
"WO-0377","CMP-AIR-102","2025-11-25","Intercooler outlet temperature elevated 20°C","Fouling and scale buildup in heat exchanger passages","Chemical descaling of cooler; backflushed cooling water circuit","Kavitha","Completed"
"WO-0378","CMP-N2-201","2025-11-29","Discharge pressure dropping below setpoint","Pressure loss due to worn piston rings; last PM inspection overdue by 67 days","Replaced piston rings and cylinder liners; pressure tested; PM schedule updated and overdue inspection completed","Pradeep","Completed"
"WO-0379","PMP-PR-301","2025-11-30","Water leakage from pump casing joint","Gland packing failure and shaft wear","Repacked gland; shimmed shaft alignment","Rajan","Completed"
"WO-0380","MTR-PR-301","2025-12-01","Motor winding temperature above 85°C","Overheating due to blocked ventilation ducts","Cleaned cooling fins; replaced cooling fan; checked current draw","Suresh","Completed"
"WO-0381","PMP-FW-201","2025-12-04","Pump vibration exceeds 7mm/s RMS","Bearing wear combined with rotor imbalance","Bearings replaced; rotor balanced in-situ","Murugan","Completed"
"WO-0382","CMP-AIR-102","2025-12-09","Outlet pressure 3 bar below rated value","Pressure loss from scored cylinder bore; last PM inspection overdue by 71 days","Cylinder rebored and honed; new oversize piston fitted; PM schedule updated and overdue inspection completed","Suresh","Completed"
"WO-0383","PMP-FW-202","2025-12-10","Mechanical seal leaking at gland area","Mechanical seal face wear and spring fatigue","Replaced mechanical seal cartridge; inspected shaft sleeve","Pradeep","Completed"
"WO-0384","CMP-N2-201","2025-12-14","System pressure unstable, hunting observed","Pressure loss from leaking inlet valve; last PM inspection overdue by 81 days","Replaced inlet valve assembly; reseated valve plate; PM schedule updated and overdue inspection completed","Anwar","Completed"
"WO-0385","VLV-DR-501","2025-12-16","Valve stem packing leaking","Packing degradation from thermal cycling","Replaced PTFE packing; torqued gland follower","Rajan","Completed"
"WO-0386","CMP-REF-301","2025-12-16","Outlet pressure 3 bar below rated value","Pressure loss from scored cylinder bore","Cylinder rebored and honed; new oversize piston fitted","Suresh","Completed"
"WO-0387","PMP-FW-201","2025-12-20","Seal flush line blocked, seal overheating","Seal failure from loss of flush cooling; last PM inspection overdue by 45 days","Replaced seal; flushed and cleared seal pot lines; PM schedule updated and overdue inspection completed","Suresh","Closed"
"WO-0388","PMP-FW-201","2025-12-20","Excessive bearing noise and vibration","Bearing wear due to inadequate lubrication; last PM inspection overdue by 75 days","Replaced drive-end and non-drive-end bearings; repacked with lithium grease; PM schedule updated and overdue inspection completed","Murugan","Completed"
"WO-0389","MTR-CW-102","2025-12-23","Thermal overload trip during peak load","Overheating from overloaded operating conditions; last PM inspection overdue by 41 days","Reset overload relay; adjusted load; verified current settings; PM schedule updated and overdue inspection completed","Rajan","Completed"
"WO-0390","HEX-CW-101","2025-12-26","Tube bundle leakage found during inspection","Erosion-corrosion at tube ends","Plugged leaking tubes; scheduled tube bundle replacement","Deepak","Completed"
"WO-0391","HEX-CW-101","2025-12-27","Tube bundle leakage found during inspection","Erosion-corrosion at tube ends; last PM inspection overdue by 43 days","Plugged leaking tubes; scheduled tube bundle replacement; PM schedule updated and overdue inspection completed","Anwar","Completed"
"WO-0392","HEX-PR-201","2025-12-28","High differential pressure across heat exchanger","Tube-side fouling and partial blockage","High-pressure water jetting of tube bundle; eddy current test","Deepak","Completed"
"WO-0393","CMP-N2-201","2026-01-01","Compressor shutdown on high temp trip 200°C","Temperature alarm due to low oil level causing friction; last PM inspection overdue by 78 days","Topped oil; replaced oil cooler; checked all temp sensors; PM schedule updated and overdue inspection completed","Anwar","Completed"
"WO-0394","CMP-AIR-101","2026-01-02","Intercooler outlet temperature elevated 20°C","Fouling and scale buildup in heat exchanger passages","Chemical descaling of cooler; backflushed cooling water circuit","Rajan","Closed"
"WO-0395","CMP-AIR-101","2026-01-02","Intercooler outlet temperature elevated 20°C","Fouling and scale buildup in heat exchanger passages; last PM inspection overdue by 79 days","Chemical descaling of cooler; backflushed cooling water circuit; PM schedule updated and overdue inspection completed","Deepak","Completed"
"WO-0396","PMP-CW-102","2026-01-04","Seal flush line blocked, seal overheating","Seal failure from loss of flush cooling","Replaced seal; flushed and cleared seal pot lines","Anwar","Completed"
"WO-0397","PMP-FW-201","2026-01-07","Pump vibration exceeds 7mm/s RMS","Bearing wear combined with rotor imbalance; last PM inspection overdue by 28 days","Bearings replaced; rotor balanced in-situ; PM schedule updated and overdue inspection completed","Suresh","Completed"
"WO-0398","VLV-PR-202","2026-01-08","Valve stem packing leaking","Packing degradation from thermal cycling","Replaced PTFE packing; torqued gland follower","Anwar","Completed"
"WO-0399","MTR-CW-101","2026-01-08","High vibration and noise at bearing housings","Misalignment and coupling wear","Replaced flexible coupling insert; realigned shafts","Suresh","Completed"
"WO-0400","MTR-CW-101","2026-01-10","IR value 0.8 MΩ, below 1 MΩ threshold","Insulation deterioration from thermal cycling; last PM inspection overdue by 69 days","Partial rewind; applied class H varnish; dried in oven 8 hours; PM schedule updated and overdue inspection completed","Deepak","Completed"
"WO-0401","HEX-CW-101","2026-01-14","Tube bundle leakage found during inspection","Erosion-corrosion at tube ends","Plugged leaking tubes; scheduled tube bundle replacement","Deepak","Completed"
"WO-0402","PMP-FW-201","2026-01-14","High bearing temperature alarm triggered","Advanced bearing wear, lubricant degradation","Emergency bearing replacement; installed temperature sensor","Murugan","Completed"
"WO-0403","CMP-REF-301","2026-01-15","Outlet pressure 3 bar below rated value","Pressure loss from scored cylinder bore","Cylinder rebored and honed; new oversize piston fitted","Kavitha","Closed"
"WO-0404","MTR-FW-201","2026-01-16","Thermal overload trip during peak load","Overheating from overloaded operating conditions","Reset overload relay; adjusted load; verified current settings","Pradeep","Completed"
"WO-0405","PMP-CW-101","2026-01-21","Routine inspection - minor bearing noise noted","Predictive inspection finding; bearing within limits but trending high","Documented observation; recommended follow-up in 2 weeks; lubricated bearings","Deepak","Closed"
"WO-0406","PMP-CW-102","2026-01-21","Mechanical seal leaking at gland area","Mechanical seal face wear and spring fatigue; last PM inspection overdue by 84 days","Replaced mechanical seal cartridge; inspected shaft sleeve; PM schedule updated and overdue inspection completed","Anwar","Completed"
"WO-0407","PMP-CW-101","2026-01-22","Excessive bearing noise and vibration","Bearing wear due to inadequate lubrication","Replaced drive-end and non-drive-end bearings; repacked with lithium grease","Suresh","Completed"
"WO-0408","VLV-CW-102","2026-01-22","Valve stem packing leaking","Packing degradation from thermal cycling; last PM inspection overdue by 19 days","Replaced PTFE packing; torqued gland follower; PM schedule updated and overdue inspection completed","Suresh","Completed"
"WO-0409","VLV-CW-102","2026-01-23","Valve passing in closed position","Seat erosion from high velocity flow","Lapped valve seat; replaced stem packing","Anwar","Completed"
"WO-0410","PMP-CW-101","2026-01-28","Water leakage from pump casing joint","Gland packing failure and shaft wear; prior inspection warning noted 19 days before failure","Repacked gland; shimmed shaft alignment","Kavitha","Completed"
"WO-0411","MTR-FW-202","2026-01-29","IR value 0.8 MΩ, below 1 MΩ threshold","Insulation deterioration from thermal cycling","Partial rewind; applied class H varnish; dried in oven 8 hours","Murugan","Completed"
"WO-0412","PMP-CW-102","2026-02-03","Flow rate drop with high power consumption","Cavitation from entrained air in suction line","Bled air from suction; repaired suction pipe joint","Deepak","Completed"
"WO-0413","HEX-PR-201","2026-02-03","Process outlet temperature 8°C above target","Fouling on shell side reducing heat transfer","Mechanical cleaning of shell side; replaced gaskets","Deepak","Completed"
"WO-0414","PMP-FW-201","2026-02-05","High bearing temperature alarm triggered","Advanced bearing wear, lubricant degradation; last PM inspection overdue by 47 days","Emergency bearing replacement; installed temperature sensor; PM schedule updated and overdue inspection completed","Deepak","Completed"
"WO-0415","VLV-GS-401","2026-02-05","Valve passing in closed position","Seat erosion from high velocity flow","Lapped valve seat; replaced stem packing","Rajan","Completed"
"WO-0416","PMP-FW-201","2026-02-05","Pump vibration exceeds 7mm/s RMS","Bearing wear combined with rotor imbalance","Bearings replaced; rotor balanced in-situ","Anwar","Completed"
"WO-0417","CMP-AIR-101","2026-02-08","Discharge pressure dropping below setpoint","Pressure loss due to worn piston rings","Replaced piston rings and cylinder liners; pressure tested","Murugan","Completed"
"WO-0418","VLV-CW-101","2026-02-12","Valve passing in closed position","Seat erosion from high velocity flow; last PM inspection overdue by 60 days","Lapped valve seat; replaced stem packing; PM schedule updated and overdue inspection completed","Murugan","Closed"
"WO-0419","VLV-ST-301","2026-02-17","Valve stuck in open position","Corrosion of stem and body seizing; last PM inspection overdue by 37 days","Penetrating oil applied; stem polished; lubricated; PM schedule updated and overdue inspection completed","Pradeep","Completed"
"WO-0420","PMP-FW-202","2026-02-20","Mechanical seal leaking at gland area","Mechanical seal face wear and spring fatigue","Replaced mechanical seal cartridge; inspected shaft sleeve","Kavitha","Completed"
"WO-0421","VLV-DR-501","2026-02-21","Valve stem packing leaking","Packing degradation from thermal cycling","Replaced PTFE packing; torqued gland follower","Pradeep","Closed"
"WO-0422","MTR-CW-101","2026-02-22","Motor body temperature 110°C during run","Overheating due to single phasing; last PM inspection overdue by 77 days","Replaced blown fuse; checked and tightened terminal connections; PM schedule updated and overdue inspection completed","Deepak","Completed"
"WO-0423","PMP-FW-201","2026-02-22","Pump vibration exceeds 7mm/s RMS","Bearing wear combined with rotor imbalance","Bearings replaced; rotor balanced in-situ","Deepak","Completed"
"WO-0424","VLV-ST-301","2026-02-23","Valve passing in closed position","Seat erosion from high velocity flow","Lapped valve seat; replaced stem packing","Rajan","Completed"
"WO-0425","MTR-PR-301","2026-02-24","High vibration and noise at bearing housings","Misalignment and coupling wear","Replaced flexible coupling insert; realigned shafts","Anwar","Completed"
"WO-0426","PMP-FW-201","2026-02-25","Pump vibration exceeds 7mm/s RMS","Bearing wear combined with rotor imbalance; last PM inspection overdue by 61 days","Bearings replaced; rotor balanced in-situ; PM schedule updated and overdue inspection completed","Deepak","Completed"
"WO-0427","PMP-CW-102","2026-03-04","Mechanical seal leaking at gland area","Mechanical seal face wear and spring fatigue","Replaced mechanical seal cartridge; inspected shaft sleeve","Deepak","Completed"
"WO-0428","HEX-PR-201","2026-03-07","Tube bundle leakage found during inspection","Erosion-corrosion at tube ends; last PM inspection overdue by 66 days","Plugged leaking tubes; scheduled tube bundle replacement; PM schedule updated and overdue inspection completed","Murugan","Completed"
"WO-0429","PMP-PR-301","2026-03-08","High bearing temperature alarm triggered","Advanced bearing wear, lubricant degradation; last PM inspection overdue by 35 days","Emergency bearing replacement; installed temperature sensor; PM schedule updated and overdue inspection completed","Murugan","Pending"
"WO-0430","MTR-FW-201","2026-03-10","Motor body temperature 110°C during run","Overheating due to single phasing","Replaced blown fuse; checked and tightened terminal connections","Suresh","Completed"
"WO-0431","MTR-CW-102","2026-03-17","Motor winding temperature above 85°C","Overheating due to blocked ventilation ducts","Cleaned cooling fins; replaced cooling fan; checked current draw","Rajan","Completed"
"WO-0432","VLV-DR-501","2026-03-19","Valve stem packing leaking","Packing degradation from thermal cycling; last PM inspection overdue by 78 days","Replaced PTFE packing; torqued gland follower; PM schedule updated and overdue inspection completed","Kavitha","Closed"
"WO-0433","PMP-FW-201","2026-03-21","Abnormal noise during pump startup","Cavitation due to low suction pressure; last PM inspection overdue by 62 days","Adjusted suction valve opening; cleared strainer blockage; PM schedule updated and overdue inspection completed","Pradeep","Completed"
"WO-0434","PMP-FW-201","2026-03-22","Flow rate drop with high power consumption","Cavitation from entrained air in suction line","Bled air from suction; repaired suction pipe joint","Deepak","Completed"
"WO-0435","VLV-DR-501","2026-03-22","Actuator not responding to control signal","Positioner failure and air supply issue","Replaced positioner; adjusted zero and span","Anwar","Closed"
"WO-0436","PMP-CW-102","2026-03-22","Excessive bearing noise and vibration","Bearing wear due to inadequate lubrication; last PM inspection overdue by 59 days","Replaced drive-end and non-drive-end bearings; repacked with lithium grease; PM schedule updated and overdue inspection completed","Suresh","Completed"
"WO-0437","HEX-CW-102","2026-03-23","High differential pressure across heat exchanger","Tube-side fouling and partial blockage","High-pressure water jetting of tube bundle; eddy current test","Deepak","Completed"
"WO-0438","HEX-PR-201","2026-03-25","High differential pressure across heat exchanger","Tube-side fouling and partial blockage","High-pressure water jetting of tube bundle; eddy current test","Rajan","Pending"
"WO-0439","MTR-CW-101","2026-03-25","Insulation resistance low - 0.3 MΩ measured","Insulation failure due to moisture ingress; last PM inspection overdue by 56 days","Oven-dried windings; applied insulation varnish; megger tested; PM schedule updated and overdue inspection completed","Deepak","Completed"
"WO-0440","MTR-CW-101","2026-03-27","Motor tripping on earth fault relay","Winding insulation breakdown at phase-to-earth; last PM inspection overdue by 24 days","Rewound stator; upgraded insulation class to F; PM schedule updated and overdue inspection completed","Rajan","Completed"
"WO-0441","VLV-CW-102","2026-03-29","Valve passing in closed position","Seat erosion from high velocity flow","Lapped valve seat; replaced stem packing","Pradeep","Completed"
"WO-0442","MTR-PR-301","2026-03-30","Excessive vibration at coupling end","Shaft misalignment with driven pump","Laser alignment performed; alignment to within 0.05mm","Pradeep","Completed"
"WO-0443","PMP-CW-102","2026-03-31","Flow rate drop with high power consumption","Cavitation from entrained air in suction line; last PM inspection overdue by 54 days","Bled air from suction; repaired suction pipe joint; PM schedule updated and overdue inspection completed","Rajan","Completed"
"WO-0444","PMP-CW-101","2026-03-31","Excessive bearing noise and vibration","Bearing wear due to inadequate lubrication; last PM inspection overdue by 62 days","Replaced drive-end and non-drive-end bearings; repacked with lithium grease; PM schedule updated and overdue inspection completed","Murugan","Completed"
"WO-0445","PMP-CW-102","2026-04-03","High bearing temperature alarm triggered","Advanced bearing wear, lubricant degradation","Emergency bearing replacement; installed temperature sensor","Deepak","Completed"
"WO-0446","VLV-CW-101","2026-04-07","Valve passing in closed position","Seat erosion from high velocity flow; last PM inspection overdue by 70 days","Lapped valve seat; replaced stem packing; PM schedule updated and overdue inspection completed","Suresh","Completed"
"WO-0447","MTR-CW-102","2026-04-09","Excessive vibration at coupling end","Shaft misalignment with driven pump","Laser alignment performed; alignment to within 0.05mm","Suresh","Completed"
"WO-0448","VLV-CW-102","2026-04-14","Valve stem packing leaking","Packing degradation from thermal cycling","Replaced PTFE packing; torqued gland follower","Anwar","Completed"
"WO-0449","CMP-AIR-102","2026-04-17","Intercooler outlet temperature elevated 20°C","Fouling and scale buildup in heat exchanger passages; last PM inspection overdue by 51 days","Chemical descaling of cooler; backflushed cooling water circuit; PM schedule updated and overdue inspection completed","Pradeep","Completed"
"WO-0450","MTR-PR-301","2026-04-17","Motor body temperature 110°C during run","Overheating due to single phasing; last PM inspection overdue by 85 days","Replaced blown fuse; checked and tightened terminal connections; PM schedule updated and overdue inspection completed","Deepak","Pending"
"WO-0451","CMP-REF-301","2026-04-18","Oil level dropping rapidly, no external leak","Internal oil leakage past cylinder rings","Replaced ring set; inspected cylinder walls for scoring","Suresh","Pending"
"WO-0452","HEX-CW-101","2026-04-19","High differential pressure across heat exchanger","Tube-side fouling and partial blockage","High-pressure water jetting of tube bundle; eddy current test","Pradeep","Completed"
"WO-0453","VLV-ST-301","2026-04-20","Valve stuck in open position","Corrosion of stem and body seizing","Penetrating oil applied; stem polished; lubricated","Deepak","Completed"
"WO-0454","MTR-FW-201","2026-04-22","Insulation resistance low - 0.3 MΩ measured","Insulation failure due to moisture ingress","Oven-dried windings; applied insulation varnish; megger tested","Murugan","Completed"
"WO-0455","PMP-FW-201","2026-04-23","Mechanical seal leaking at gland area","Mechanical seal face wear and spring fatigue","Replaced mechanical seal cartridge; inspected shaft sleeve","Kavitha","Completed"
"WO-0456","PMP-PR-301","2026-04-26","Mechanical seal leaking at gland area","Mechanical seal face wear and spring fatigue","Replaced mechanical seal cartridge; inspected shaft sleeve","Murugan","Completed"
"WO-0457","HEX-SM-301","2026-04-26","High differential pressure across heat exchanger","Tube-side fouling and partial blockage","High-pressure water jetting of tube bundle; eddy current test","Murugan","Completed"
"WO-0458","VLV-CW-101","2026-04-30","Valve stem packing leaking","Packing degradation from thermal cycling; last PM inspection overdue by 69 days","Replaced PTFE packing; torqued gland follower; PM schedule updated and overdue inspection completed","Anwar","Completed"
"WO-0459","MTR-CW-102","2026-05-01","Insulation resistance low - 0.3 MΩ measured","Insulation failure due to moisture ingress","Oven-dried windings; applied insulation varnish; megger tested","Rajan","Completed"
"WO-0460","VLV-CW-101","2026-05-01","Valve stem packing leaking","Packing degradation from thermal cycling; last PM inspection overdue by 60 days","Replaced PTFE packing; torqued gland follower; PM schedule updated and overdue inspection completed","Murugan","Completed"
"WO-0461","HEX-SM-301","2026-05-05","Tube bundle leakage found during inspection","Erosion-corrosion at tube ends","Plugged leaking tubes; scheduled tube bundle replacement","Deepak","Completed"
"WO-0462","HEX-CW-102","2026-05-07","Process outlet temperature 8°C above target","Fouling on shell side reducing heat transfer","Mechanical cleaning of shell side; replaced gaskets","Anwar","Completed"
"WO-0463","HEX-PR-201","2026-05-07","High differential pressure across heat exchanger","Tube-side fouling and partial blockage","High-pressure water jetting of tube bundle; eddy current test","Anwar","Completed"
"WO-0464","PMP-FW-202","2026-05-08","Abnormal noise during pump startup","Cavitation due to low suction pressure; last PM inspection overdue by 81 days","Adjusted suction valve opening; cleared strainer blockage; PM schedule updated and overdue inspection completed","Deepak","Completed"
"WO-0465","VLV-ST-301","2026-05-09","Valve stem packing leaking","Packing degradation from thermal cycling","Replaced PTFE packing; torqued gland follower","Suresh","Completed"
"WO-0466","PMP-FW-201","2026-05-11","Pump casing erosion observed","Prolonged cavitation causing pitting; last PM inspection overdue by 51 days","Casing interior epoxy-coated; NPSH margins reviewed; PM schedule updated and overdue inspection completed","Kavitha","In Progress"
"WO-0467","PMP-CW-101","2026-05-13","Routine inspection - minor bearing noise noted","Predictive inspection finding; bearing within limits but trending high","Documented observation; recommended follow-up in 2 weeks; lubricated bearings","Anwar","Closed"
"WO-0468","VLV-ST-301","2026-05-14","Valve stem packing leaking","Packing degradation from thermal cycling","Replaced PTFE packing; torqued gland follower","Rajan","Pending"
"WO-0469","PMP-PR-301","2026-05-15","Seal flush line blocked, seal overheating","Seal failure from loss of flush cooling","Replaced seal; flushed and cleared seal pot lines","Anwar","In Progress"
"WO-0470","PMP-PR-301","2026-05-16","Water leakage from pump casing joint","Gland packing failure and shaft wear","Repacked gland; shimmed shaft alignment","Pradeep","Pending"
"WO-0471","MTR-CW-101","2026-05-16","Motor winding temperature above 85°C","Overheating due to blocked ventilation ducts","Cleaned cooling fins; replaced cooling fan; checked current draw","Anwar","Completed"
"WO-0472","CMP-AIR-101","2026-05-17","Oil level dropping rapidly, no external leak","Internal oil leakage past cylinder rings","Replaced ring set; inspected cylinder walls for scoring","Deepak","Completed"
"WO-0473","VLV-DR-501","2026-05-20","Valve stuck in open position","Corrosion of stem and body seizing; last PM inspection overdue by 62 days","Penetrating oil applied; stem polished; lubricated; PM schedule updated and overdue inspection completed","Murugan","Completed"
"WO-0474","MTR-FW-202","2026-05-21","Motor winding temperature above 85°C","Overheating due to blocked ventilation ducts","Cleaned cooling fins; replaced cooling fan; checked current draw","Suresh","Completed"
"WO-0475","VLV-ST-301","2026-05-23","Actuator not responding to control signal","Positioner failure and air supply issue; last PM inspection overdue by 79 days","Replaced positioner; adjusted zero and span; PM schedule updated and overdue inspection completed","Murugan","Closed"
"WO-0476","PMP-PR-301","2026-05-24","Excessive bearing noise and vibration","Bearing wear due to inadequate lubrication; last PM inspection overdue by 86 days","Replaced drive-end and non-drive-end bearings; repacked with lithium grease; PM schedule updated and overdue inspection completed","Suresh","Closed"
"WO-0477","CMP-N2-201","2026-05-24","Oil carryover contaminating process air","Oil leakage from separator element failure","Replaced oil separator element; checked coalescing filter","Kavitha","Completed"
"WO-0478","VLV-CW-102","2026-05-25","Valve stem packing leaking","Packing degradation from thermal cycling","Replaced PTFE packing; torqued gland follower","Pradeep","Completed"
"WO-0479","PMP-CW-101","2026-05-25","Routine inspection - minor bearing noise noted","Predictive inspection finding; bearing within limits but trending high","Documented observation; recommended follow-up in 2 weeks; lubricated bearings","Pradeep","Closed"
"WO-0480","MTR-FW-201","2026-05-26","Motor tripping on earth fault relay","Winding insulation breakdown at phase-to-earth","Rewound stator; upgraded insulation class to F","Anwar","Completed"
"WO-0481","VLV-CW-102","2026-05-29","Valve stuck in open position","Corrosion of stem and body seizing","Penetrating oil applied; stem polished; lubricated","Deepak","Completed"
"WO-0482","HEX-CW-102","2026-05-30","High differential pressure across heat exchanger","Tube-side fouling and partial blockage; last PM inspection overdue by 71 days","High-pressure water jetting of tube bundle; eddy current test; PM schedule updated and overdue inspection completed","Rajan","Completed"
"WO-0483","PMP-CW-101","2026-06-03","Abnormal noise during pump startup","Cavitation due to low suction pressure; prior inspection warning noted 6 days before failure","Adjusted suction valve opening; cleared strainer blockage","Rajan","Completed"
"WO-0484","HEX-CW-102","2026-06-03","Process outlet temperature 8°C above target","Fouling on shell side reducing heat transfer","Mechanical cleaning of shell side; replaced gaskets","Deepak","Completed"
"WO-0485","CMP-REF-301","2026-06-05","Discharge pressure dropping below setpoint","Pressure loss due to worn piston rings","Replaced piston rings and cylinder liners; pressure tested","Murugan","Completed"
"WO-0486","HEX-CW-101","2026-06-06","Process outlet temperature 8°C above target","Fouling on shell side reducing heat transfer; last PM inspection overdue by 65 days","Mechanical cleaning of shell side; replaced gaskets; PM schedule updated and overdue inspection completed","Suresh","Completed"
"WO-0487","VLV-CW-102","2026-06-08","Valve passing in closed position","Seat erosion from high velocity flow","Lapped valve seat; replaced stem packing","Kavitha","Completed"
"WO-0488","PMP-PR-301","2026-06-10","Excessive bearing noise and vibration","Bearing wear due to inadequate lubrication","Replaced drive-end and non-drive-end bearings; repacked with lithium grease","Anwar","Completed"
"WO-0489","HEX-PR-201","2026-06-10","Tube bundle leakage found during inspection","Erosion-corrosion at tube ends","Plugged leaking tubes; scheduled tube bundle replacement","Anwar","Pending"
"WO-0490","CMP-AIR-101","2026-06-11","Compressor shutdown on high temp trip 200°C","Temperature alarm due to low oil level causing friction; last PM inspection overdue by 89 days","Topped oil; replaced oil cooler; checked all temp sensors; PM schedule updated and overdue inspection completed","Suresh","Completed"
"WO-0491","PMP-CW-101","2026-06-11","Abnormal noise during pump startup","Cavitation due to low suction pressure; prior inspection warning noted 5 days before failure","Adjusted suction valve opening; cleared strainer blockage","Anwar","Completed"
"WO-0492","CMP-REF-301","2026-06-12","Discharge pressure dropping below setpoint","Pressure loss due to worn piston rings","Replaced piston rings and cylinder liners; pressure tested","Anwar","Completed"
"WO-0493","VLV-ST-301","2026-06-18","Valve stem packing leaking","Packing degradation from thermal cycling; last PM inspection overdue by 33 days","Replaced PTFE packing; torqued gland follower; PM schedule updated and overdue inspection completed","Murugan","Pending"
"WO-0494","PMP-PR-301","2026-06-19","Mechanical seal leaking at gland area","Mechanical seal face wear and spring fatigue","Replaced mechanical seal cartridge; inspected shaft sleeve","Suresh","Completed"
"WO-0495","PMP-PR-301","2026-06-20","Seal flush line blocked, seal overheating","Seal failure from loss of flush cooling; last PM inspection overdue by 25 days","Replaced seal; flushed and cleared seal pot lines; PM schedule updated and overdue inspection completed","Rajan","Completed"
"WO-0496","MTR-CW-102","2026-06-23","Insulation resistance low - 0.3 MΩ measured","Insulation failure due to moisture ingress","Oven-dried windings; applied insulation varnish; megger tested","Suresh","Completed"
"WO-0497","PMP-FW-201","2026-06-25","Water leakage from pump casing joint","Gland packing failure and shaft wear","Repacked gland; shimmed shaft alignment","Kavitha","Completed"
"WO-0498","PMP-PR-301","2026-06-25","Excessive bearing noise and vibration","Bearing wear due to inadequate lubrication","Replaced drive-end and non-drive-end bearings; repacked with lithium grease","Pradeep","Completed"
"WO-0499","VLV-DR-501","2026-06-27","Valve stuck in open position","Corrosion of stem and body seizing","Penetrating oil applied; stem polished; lubricated","Deepak","Completed"
"WO-0500","VLV-PR-201","2026-06-29","Actuator not responding to control signal","Positioner failure and air supply issue","Replaced positioner; adjusted zero and span","Suresh","Completed"